DATA_EMISSAO;DATA_EMBARQUE;HORA_EMBARQUE;CIA_BILHETE;TRECHO;ORIGEM;DESTINO;CUPOM;BILHETE;TIPO;CABINE;CIA_VOO;VALOR_BRL;EMPRESA;CNPJ;IATA_AGENCIA;BASE_VENDA;QTD_PAX;NUM_VOO;CONSOLIDADA
26/06/2019;29/07/2019;23:59;JJ;CGH/SDU/CGH;SDU;CGH;1;0;N;Z;ZZ;0;1;;9999999999;SAO;1;;
26/06/2019;02/07/2019;23:59;JJ;CGH/SDU/CGH;CGH;SDU;1;1;N;Z;ZZ;986,3;31;;9999999999;SAO;1;;
26/06/2019;05/07/2019;23:59;JJ;CGH/SDU/CGH;SDU;CGH;2;1;N;Z;ZZ;986,3;31;;9999999999;SAO;1;;
26/06/2019;27/06/2019;23:59;JJ;BEL/BSB/SDU;BEL;BSB;1;10;N;Z;ZZ;1.869,15;1;;9999999999;SAO;1;;
26/06/2019;27/06/2019;23:59;JJ;BEL/BSB/SDU;BSB;SDU;2;10;N;Z;ZZ;1.869,15;1;;9999999999;SAO;1;;
26/06/2019;30/06/2019;23:59;JJ;CGR/CGH;CGR;CGH;1;100;N;Z;ZZ;1.289,90;15;;9999999999;SAO;1;;
26/06/2019;28/06/2019;23:59;G3;CGH/CGR;CGH;CGR;1;101;N;Z;ZZ;1.287,91;15;;9999999999;SAO;1;;
26/06/2019;27/06/2019;23:59;AD;REC/FOR;REC;FOR;1;102;N;Z;ZZ;809,65;256;;9999999999;SAO;1;;
26/06/2019;28/06/2019;23:59;G3;FOR/REC;FOR;REC;1;103;N;Z;ZZ;281,9;256;;9999999999;SAO;1;;
26/06/2019;30/06/2019;23:59;JJ;CGR/CGH;CGR;CGH;1;104;N;Z;ZZ;1.289,90;15;;9999999999;SAO;1;;
26/06/2019;28/06/2019;23:59;G3;CGH/CGR;CGH;CGR;1;105;N;Z;ZZ;1.287,91;15;;9999999999;SAO;1;;
26/06/2019;01/07/2019;23:59;G3;CGH/BSB/CGH;CGH;BSB;1;106;N;Z;ZZ;2.592,80;25;;9999999999;SAO;1;;
26/06/2019;05/07/2019;23:59;G3;CGH/BSB/CGH;BSB;CGH;2;106;N;Z;ZZ;2.592,80;25;;9999999999;SAO;1;;
26/06/2019;07/07/2019;23:59;AD;CWB/CGH;CWB;CGH;1;107;N;Z;ZZ;262,2;1;;9999999999;SAO;1;;
26/06/2019;05/07/2019;23:59;G3;CGH/CWB;CGH;CWB;1;108;N;Z;ZZ;330,56;1;;9999999999;SAO;1;;
26/06/2019;27/06/2019;23:59;AD;BEL/SLZ;BEL;SLZ;1;109;N;Z;ZZ;1.097,60;1;;9999999999;SAO;1;;
26/06/2019;27/06/2019;23:59;JJ;BEL/BSB/SDU;BEL;BSB;1;11;N;Z;ZZ;1.538,50;1;;9999999999;SAO;1;;
26/06/2019;27/06/2019;23:59;JJ;BEL/BSB/SDU;BSB;SDU;2;11;N;Z;ZZ;1.538,50;1;;9999999999;SAO;1;;
26/06/2019;28/06/2019;23:59;JJ;CGH/CNF/CGH;CGH;CNF;1;110;N;Z;ZZ;1.271,90;50;;9999999999;SAO;1;;
26/06/2019;28/06/2019;23:59;JJ;CGH/CNF/CGH;CNF;CGH;2;110;N;Z;ZZ;1.271,90;50;;9999999999;SAO;1;;
26/06/2019;27/06/2019;23:59;JJ;FLN/CGH;FLN;CGH;1;111;N;Z;ZZ;1.083,06;12;;9999999999;SAO;1;;
26/06/2019;02/07/2019;23:59;JJ;CNF/GRU;CNF;GRU;1;112;N;Z;ZZ;368,22;57;;9999999999;SAO;1;;
26/06/2019;02/07/2019;23:59;AD;CGH/CNF;CGH;CNF;1;113;N;Z;ZZ;800,9;57;;9999999999;SAO;1;;
26/06/2019;26/06/2019;23:59;AD;CGB/VCP/CNF;CGB;VCP;1;114;N;Z;ZZ;855,12;248;;9999999999;SAO;1;;
26/06/2019;26/06/2019;23:59;AD;CGB/VCP/CNF;VCP;CNF;2;114;N;Z;ZZ;855,12;248;;9999999999;SAO;1;;
26/06/2019;13/07/2019;23:59;DL;DEN/LGA;DEN;LGA;1;115;I;Z;ZZ;602,16;25;;9999999999;SAO;1;;
26/06/2019;13/07/2019;23:59;DL;DEN/LGA;DEN;LGA;1;116;I;Z;ZZ;602,16;25;;9999999999;SAO;1;;
26/06/2019;13/07/2019;23:59;DL;DEN/LGA;DEN;LGA;1;117;I;Z;ZZ;602,16;25;;9999999999;SAO;1;;
26/06/2019;13/07/2019;23:59;DL;DEN/LGA;DEN;LGA;1;118;I;Z;ZZ;602,16;25;;9999999999;SAO;1;;
26/06/2019;30/06/2019;23:59;AD;RAO/VCP/CAC/VCP/RAO;RAO;VCP;1;119;N;Z;ZZ;2.495,80;1;;9999999999;SAO;1;;
26/06/2019;30/06/2019;23:59;AD;RAO/VCP/CAC/VCP/RAO;VCP;CAC;2;119;N;Z;ZZ;2.495,80;1;;9999999999;SAO;1;;
26/06/2019;02/07/2019;23:59;AD;RAO/VCP/CAC/VCP/RAO;CAC;VCP;3;119;N;Z;ZZ;2.495,80;1;;9999999999;SAO;1;;
26/06/2019;02/07/2019;23:59;AD;RAO/VCP/CAC/VCP/RAO;VCP;RAO;4;119;N;Z;ZZ;2.495,80;1;;9999999999;SAO;1;;
26/06/2019;01/07/2019;23:59;AD;RAO/CNF/CGB;RAO;CNF;1;12;N;Z;ZZ;354,51;1;;9999999999;SAO;1;;
26/06/2019;01/07/2019;23:59;AD;RAO/CNF/CGB;CNF;CGB;2;12;N;Z;ZZ;354,51;1;;9999999999;SAO;1;;
26/06/2019;28/06/2019;23:59;AA;DFW/FLL;DFW;FLL;1;120;I;Z;ZZ;1.777,98;48;;9999999999;SAO;1;;
26/06/2019;04/07/2019;23:59;JJ;JPA/GRU;JPA;GRU;1;121;N;Z;ZZ;999;1;;9999999999;SAO;1;;
26/06/2019;30/06/2019;23:59;G3;GRU/JPA;GRU;JPA;1;122;N;Z;ZZ;1.176,40;1;;9999999999;SAO;1;;
26/06/2019;12/08/2019;23:59;AD;CNF/UDI/CNF/MOC/CNF/IPN/CNF;CNF;UDI;1;123;N;Z;ZZ;1.269,60;252;;9999999999;SAO;1;;
26/06/2019;12/08/2019;23:59;AD;CNF/UDI/CNF/MOC/CNF/IPN/CNF;UDI;CNF;2;123;N;Z;ZZ;1.269,60;252;;9999999999;SAO;1;;
26/06/2019;12/08/2019;23:59;AD;CNF/UDI/CNF/MOC/CNF/IPN/CNF;CNF;MOC;3;123;N;Z;ZZ;1.269,60;252;;9999999999;SAO;1;;
26/06/2019;13/08/2019;23:59;AD;CNF/UDI/CNF/MOC/CNF/IPN/CNF;MOC;CNF;4;123;N;Z;ZZ;1.269,60;252;;9999999999;SAO;1;;
26/06/2019;13/08/2019;23:59;AD;CNF/UDI/CNF/MOC/CNF/IPN/CNF;CNF;IPN;5;123;N;Z;ZZ;1.269,60;252;;9999999999;SAO;1;;
26/06/2019;14/08/2019;23:59;AD;CNF/UDI/CNF/MOC/CNF/IPN/CNF;IPN;CNF;6;123;N;Z;ZZ;1.269,60;252;;9999999999;SAO;1;;
26/06/2019;12/08/2019;23:59;AD;CNF/UDI/CNF/MOC/CNF/IPN/CNF;CNF;UDI;1;124;N;Z;ZZ;1.269,60;252;;9999999999;SAO;1;;
26/06/2019;12/08/2019;23:59;AD;CNF/UDI/CNF/MOC/CNF/IPN/CNF;UDI;CNF;2;124;N;Z;ZZ;1.269,60;252;;9999999999;SAO;1;;
26/06/2019;12/08/2019;23:59;AD;CNF/UDI/CNF/MOC/CNF/IPN/CNF;CNF;MOC;3;124;N;Z;ZZ;1.269,60;252;;9999999999;SAO;1;;
26/06/2019;13/08/2019;23:59;AD;CNF/UDI/CNF/MOC/CNF/IPN/CNF;MOC;CNF;4;124;N;Z;ZZ;1.269,60;252;;9999999999;SAO;1;;
26/06/2019;13/08/2019;23:59;AD;CNF/UDI/CNF/MOC/CNF/IPN/CNF;CNF;IPN;5;124;N;Z;ZZ;1.269,60;252;;9999999999;SAO;1;;
26/06/2019;14/08/2019;23:59;AD;CNF/UDI/CNF/MOC/CNF/IPN/CNF;IPN;CNF;6;124;N;Z;ZZ;1.269,60;252;;9999999999;SAO;1;;
26/06/2019;10/07/2019;23:59;JJ;SDU/CGH/SDU;SDU;CGH;1;125;N;Z;ZZ;0;1;;9999999999;SAO;1;;
26/06/2019;12/07/2019;23:59;JJ;SDU/CGH/SDU;CGH;SDU;2;125;N;Z;ZZ;0;1;;9999999999;SAO;1;;
26/06/2019;11/07/2019;23:59;JJ;SDU/CGH/SDU;SDU;CGH;1;126;N;Z;ZZ;0;1;;9999999999;SAO;1;;
26/06/2019;12/07/2019;23:59;JJ;SDU/CGH/SDU;CGH;SDU;2;126;N;Z;ZZ;0;1;;9999999999;SAO;1;;
26/06/2019;02/07/2019;23:59;G3;CGH/BSB/CGH;CGH;BSB;1;127;N;Z;ZZ;2.589,80;175;;9999999999;SAO;1;;
26/06/2019;02/07/2019;23:59;G3;CGH/BSB/CGH;BSB;CGH;2;127;N;Z;ZZ;2.589,80;175;;9999999999;SAO;1;;
26/06/2019;03/07/2019;23:59;G3;GRU/BSB/STM;GRU;BSB;1;128;N;Z;ZZ;580,46;1;;9999999999;SAO;1;;
26/06/2019;03/07/2019;23:59;G3;GRU/BSB/STM;BSB;STM;2;128;N;Z;ZZ;580,46;1;;9999999999;SAO;1;;
26/06/2019;11/07/2019;23:59;JJ;SDU/CGH/SDU;SDU;CGH;1;129;N;Z;ZZ;0;1;;9999999999;SAO;1;;
26/06/2019;12/07/2019;23:59;JJ;SDU/CGH/SDU;CGH;SDU;2;129;N;Z;ZZ;0;1;;9999999999;SAO;1;;
26/06/2019;27/06/2019;23:59;JJ;BEL/BSB/SDU;BEL;BSB;1;13;N;Z;ZZ;1.538,50;1;;9999999999;SAO;1;;
26/06/2019;27/06/2019;23:59;JJ;BEL/BSB/SDU;BSB;SDU;2;13;N;Z;ZZ;1.538,50;1;;9999999999;SAO;1;;
26/06/2019;09/07/2019;23:59;JJ;GRU/BOG/GRU;GRU;BOG;1;130;I;Z;ZZ;8.978,22;31;;9999999999;SAO;1;;
26/06/2019;11/07/2019;23:59;JJ;GRU/BOG/GRU;BOG;GRU;2;130;I;Z;ZZ;8.978,22;31;;9999999999;SAO;1;;
26/06/2019;13/07/2019;23:59;JJ;CGH/GIG/CGH;CGH;GIG;1;131;N;Z;ZZ;586,8;34;;9999999999;SAO;1;;
26/06/2019;16/07/2019;23:59;JJ;CGH/GIG/CGH;GIG;CGH;2;131;N;Z;ZZ;586,8;34;;9999999999;SAO;1;;
26/06/2019;28/06/2019;23:59;AA;DFW/FLL;DFW;FLL;1;132;I;Z;ZZ;1.777,98;48;;9999999999;SAO;1;;
26/06/2019;01/07/2019;23:59;G3;CGH/CWB;CGH;CWB;1;133;N;Z;ZZ;435,11;1;;9999999999;SAO;1;;
26/06/2019;03/07/2019;23:59;JJ;CWB/CGH;CWB;CGH;1;134;N;Z;ZZ;388,9;1;;9999999999;SAO;1;;
26/06/2019;03/07/2019;23:59;AR;EZE/SCL/EZE;EZE;SCL;1;135;I;Z;ZZ;712,43;31;;9999999999;SAO;1;;
26/06/2019;05/07/2019;23:59;AR;EZE/SCL/EZE;SCL;EZE;2;135;I;Z;ZZ;712,43;31;;9999999999;SAO;1;;
26/06/2019;28/06/2019;23:59;AD;SSA/VCP/SSA;SSA;VCP;1;136;N;Z;ZZ;2.919,80;244;;9999999999;SAO;1;;
26/06/2019;03/07/2019;23:59;AD;SSA/VCP/SSA;VCP;SSA;2;136;N;Z;ZZ;2.919,80;244;;9999999999;SAO;1;;
26/06/2019;27/06/2019;23:59;JJ;GRU/CWB;GRU;CWB;1;137;N;Z;ZZ;362,34;57;;9999999999;SAO;1;;
26/06/2019;02/07/2019;23:59;G3;CGH/BSB;CGH;BSB;1;138;N;Z;ZZ;1.205,86;12;;9999999999;SAO;1;;
26/06/2019;02/07/2019;23:59;JJ;BSB/CGH;BSB;CGH;1;139;N;Z;ZZ;1.178,76;12;;9999999999;SAO;1;;
26/06/2019;02/07/2019;23:59;AD;CGB/GYN;CGB;GYN;1;14;N;Z;ZZ;833,31;1;;9999999999;SAO;1;;
26/06/2019;16/07/2019;23:59;JJ;CGH/JJG/CGH;CGH;JJG;1;140;N;Z;ZZ;365,8;50;;9999999999;SAO;1;;
26/06/2019;19/07/2019;23:59;JJ;CGH/JJG/CGH;JJG;CGH;2;140;N;Z;ZZ;365,8;50;;9999999999;SAO;1;;
26/06/2019;02/07/2019;23:59;JJ;BSB/CGH;BSB;CGH;1;141;N;Z;ZZ;1.178,76;12;;9999999999;SAO;1;;
26/06/2019;02/07/2019;23:59;G3;CGH/BSB;CGH;BSB;1;142;N;Z;ZZ;1.205,86;12;;9999999999;SAO;1;;
26/06/2019;02/07/2019;23:59;G3;CGH/BSB;CGH;BSB;1;143;N;Z;ZZ;1.205,86;12;;9999999999;SAO;1;;
26/06/2019;02/07/2019;23:59;JJ;BSB/CGH;BSB;CGH;1;144;N;Z;ZZ;1.178,76;12;;9999999999;SAO;1;;
26/06/2019;02/07/2019;23:59;AD;GRU/BSB;GRU;BSB;1;145;N;Z;ZZ;839,9;12;;9999999999;SAO;1;;
26/06/2019;02/07/2019;23:59;G3;BSB/GRU;BSB;GRU;1;146;N;Z;ZZ;800,91;12;;9999999999;SAO;1;;
26/06/2019;27/06/2019;23:59;JJ;GRU/CWB;GRU;CWB;1;147;N;Z;ZZ;362,34;57;;9999999999;SAO;1;;
26/06/2019;08/07/2019;23:59;AD;CGH/POA/URG/POA/CGH;CGH;POA;1;148;N;Z;ZZ;2.815,80;247;;9999999999;SAO;1;;
26/06/2019;08/07/2019;23:59;AD;CGH/POA/URG/POA/CGH;POA;URG;2;148;N;Z;ZZ;2.815,80;247;;9999999999;SAO;1;;
26/06/2019;12/07/2019;23:59;AD;CGH/POA/URG/POA/CGH;URG;POA;3;148;N;Z;ZZ;2.815,80;247;;9999999999;SAO;1;;
26/06/2019;12/07/2019;23:59;AD;CGH/POA/URG/POA/CGH;POA;CGH;4;148;N;Z;ZZ;2.815,80;247;;9999999999;SAO;1;;
26/06/2019;01/07/2019;23:59;AD;CGH/CWB/CAC/CWB/CGH;CGH;CWB;1;149;N;Z;ZZ;1.574,80;1;;9999999999;SAO;1;;
26/06/2019;01/07/2019;23:59;AD;CGH/CWB/CAC/CWB/CGH;CWB;CAC;2;149;N;Z;ZZ;1.574,80;1;;9999999999;SAO;1;;
26/06/2019;03/07/2019;23:59;AD;CGH/CWB/CAC/CWB/CGH;CAC;CWB;3;149;N;Z;ZZ;1.574,80;1;;9999999999;SAO;1;;
26/06/2019;03/07/2019;23:59;AD;CGH/CWB/CAC/CWB/CGH;CWB;CGH;4;149;N;Z;ZZ;1.574,80;1;;9999999999;SAO;1;;
26/06/2019;03/07/2019;23:59;2Z;GYN/RAO;GYN;RAO;1;15;N;Z;ZZ;543,51;1;;9999999999;SAO;1;;
26/06/2019;04/07/2019;23:59;AV;GRU/BOG/GRU;GRU;BOG;1;150;I;Z;ZZ;3.091,05;31;;9999999999;SAO;1;;
26/06/2019;13/07/2019;23:59;AV;GRU/BOG/GRU;BOG;GRU;2;150;I;Z;ZZ;3.091,05;31;;9999999999;SAO;1;;
26/06/2019;03/07/2019;23:59;G3;GRU/SDU//CNF/GRU;GRU;SDU;1;151;N;Z;ZZ;903,39;25;;9999999999;SAO;1;;
26/06/2019;04/07/2019;23:59;G3;GRU/SDU//CNF/GRU;CNF;GRU;2;151;N;Z;ZZ;903,39;25;;9999999999;SAO;1;;
26/06/2019;03/07/2019;23:59;AD;SDU/CNF;SDU;CNF;1;152;N;Z;ZZ;262,9;25;;9999999999;SAO;1;;
26/06/2019;11/07/2019;23:59;AD;NAT/REC/FOR/GRU;NAT;REC;1;153;N;Z;ZZ;1.184,70;25;;9999999999;SAO;1;;
26/06/2019;12/07/2019;23:59;AD;NAT/REC/FOR/GRU;REC;FOR;2;153;N;Z;ZZ;1.184,70;25;;9999999999;SAO;1;;
26/06/2019;12/07/2019;23:59;AD;NAT/REC/FOR/GRU;FOR;GRU;3;153;N;Z;ZZ;1.184,70;25;;9999999999;SAO;1;;
26/06/2019;18/07/2019;23:59;2Z;BSB/RAO;BSB;RAO;1;154;N;Z;ZZ;731,61;25;;9999999999;SAO;1;;
26/06/2019;24/07/2019;23:59;G3;CGR/GRU;CGR;GRU;1;155;N;Z;ZZ;205,07;25;;9999999999;SAO;1;;
26/06/2019;28/06/2019;23:59;JJ;CGH/SDU;CGH;SDU;1;156;N;Z;ZZ;861,81;1;;9999999999;SAO;1;;
26/06/2019;04/07/2019;23:59;JJ;CGH/SDU/CGH;CGH;SDU;1;157;N;Z;ZZ;846,07;1;;9999999999;SAO;1;;
26/06/2019;04/07/2019;23:59;JJ;CGH/SDU/CGH;SDU;CGH;2;157;N;Z;ZZ;846,07;1;;9999999999;SAO;1;;
26/06/2019;22/07/2019;23:59;JJ;GRU/FOR/BSB/GRU;GRU;FOR;1;158;N;Z;ZZ;873,8;247;;9999999999;SAO;1;;
26/06/2019;31/07/2019;23:59;JJ;GRU/FOR/BSB/GRU;FOR;BSB;2;158;N;Z;ZZ;873,8;247;;9999999999;SAO;1;;
26/06/2019;31/07/2019;23:59;JJ;GRU/FOR/BSB/GRU;BSB;GRU;3;158;N;Z;ZZ;873,8;247;;9999999999;SAO;1;;
26/06/2019;03/07/2019;23:59;AD;BSB/GRU/BSB;BSB;GRU;1;159;N;Z;ZZ;971,77;1;;9999999999;SAO;1;;
26/06/2019;05/07/2019;23:59;AD;BSB/GRU/BSB;GRU;BSB;2;159;N;Z;ZZ;971,77;1;;9999999999;SAO;1;;
26/06/2019;26/06/2019;23:59;JJ;SSA/CGH;SSA;CGH;1;16;N;Z;ZZ;1.690,90;1;;9999999999;SAO;1;;
26/06/2019;29/06/2019;23:59;JJ;SLZ/BSB;SLZ;BSB;1;160;N;Z;ZZ;1.037,76;1;;9999999999;SAO;1;;
26/06/2019;03/07/2019;23:59;G3;CGH/BSB/THE/GRU;CGH;BSB;1;161;N;Z;ZZ;1.423,04;1;;9999999999;SAO;1;;
26/06/2019;03/07/2019;23:59;G3;CGH/BSB/THE/GRU;BSB;THE;2;161;N;Z;ZZ;1.423,04;1;;9999999999;SAO;1;;
26/06/2019;05/07/2019;23:59;G3;CGH/BSB/THE/GRU;THE;GRU;3;161;N;Z;ZZ;1.423,04;1;;9999999999;SAO;1;;
26/06/2019;16/07/2019;23:59;JJ;CGH/SJP;CGH;SJP;1;162;N;Z;ZZ;358,7;1;;9999999999;SAO;1;;
26/06/2019;16/07/2019;23:59;AD;SJP/VCP/POA;SJP;VCP;1;163;N;Z;ZZ;760,28;1;;9999999999;SAO;1;;
26/06/2019;17/07/2019;23:59;AD;SJP/VCP/POA;VCP;POA;2;163;N;Z;ZZ;760,28;1;;9999999999;SAO;1;;
26/06/2019;10/07/2019;23:59;G3;CGB/CGH;CGB;CGH;1;164;N;Z;ZZ;475,9;49;;9999999999;SAO;1;;
26/06/2019;01/07/2019;23:59;JJ;CGH/CGB;CGH;CGB;1;165;N;Z;ZZ;937,89;49;;9999999999;SAO;1;;
26/06/2019;30/06/2019;23:59;G3;GRU/SSA/JPA/GRU;GRU;SSA;1;166;N;Z;ZZ;1.120,00;1;;9999999999;SAO;1;;
26/06/2019;30/06/2019;23:59;G3;GRU/SSA/JPA/GRU;SSA;JPA;2;166;N;Z;ZZ;1.120,00;1;;9999999999;SAO;1;;
26/06/2019;06/07/2019;23:59;G3;GRU/SSA/JPA/GRU;JPA;GRU;3;166;N;Z;ZZ;1.120,00;1;;9999999999;SAO;1;;
26/06/2019;26/07/2019;23:59;AD;SJP/VCP/JOI;SJP;VCP;1;167;N;Z;ZZ;278,91;1;;9999999999;SAO;1;;
26/06/2019;26/07/2019;23:59;AD;SJP/VCP/JOI;VCP;JOI;2;167;N;Z;ZZ;278,91;1;;9999999999;SAO;1;;
26/06/2019;15/07/2019;23:59;JJ;JOI/CGH/SJP;JOI;CGH;1;168;N;Z;ZZ;300,9;1;;9999999999;SAO;1;;
26/06/2019;15/07/2019;23:59;JJ;JOI/CGH/SJP;CGH;SJP;2;168;N;Z;ZZ;300,9;1;;9999999999;SAO;1;;
26/06/2019;05/07/2019;23:59;AD;JPA/REC/CNF;JPA;REC;1;169;N;Z;ZZ;581,31;1;;9999999999;SAO;1;;
26/06/2019;05/07/2019;23:59;AD;JPA/REC/CNF;REC;CNF;2;169;N;Z;ZZ;581,31;1;;9999999999;SAO;1;;
26/06/2019;26/06/2019;23:59;G3;JPA/BSB/GRU;JPA;BSB;1;17;N;Z;ZZ;1.176,40;1;;9999999999;SAO;1;;
26/06/2019;26/06/2019;23:59;G3;JPA/BSB/GRU;BSB;GRU;2;17;N;Z;ZZ;1.176,40;1;;9999999999;SAO;1;;
26/06/2019;30/06/2019;23:59;G3;CNF/CGH/JPA;CNF;CGH;1;170;N;Z;ZZ;680,76;1;;9999999999;SAO;1;;
26/06/2019;30/06/2019;23:59;G3;CNF/CGH/JPA;CGH;JPA;2;170;N;Z;ZZ;680,76;1;;9999999999;SAO;1;;
26/06/2019;14/10/2019;23:59;G3;GRU/MOC/GRU;GRU;MOC;1;171;N;Z;ZZ;342,06;21;;9999999999;SAO;1;;
26/06/2019;16/10/2019;23:59;G3;GRU/MOC/GRU;MOC;GRU;2;171;N;Z;ZZ;342,06;21;;9999999999;SAO;1;;
26/06/2019;01/07/2019;23:59;JJ;POA/CGH;POA;CGH;1;172;N;Z;ZZ;881,36;2;;9999999999;SAO;1;;
26/06/2019;07/07/2019;23:59;JJ;FOR/REC;FOR;REC;1;173;N;Z;ZZ;159,71;1;;9999999999;SAO;1;;
26/06/2019;07/07/2019;23:59;G3;POA/CGH;POA;CGH;1;174;N;Z;ZZ;639,67;18;;9999999999;SAO;1;;
26/06/2019;05/07/2019;23:59;JJ;CGH/POA;CGH;POA;1;175;N;Z;ZZ;513,84;18;;9999999999;SAO;1;;
26/06/2019;02/07/2019;23:59;G3;CGH/CNF;CGH;CNF;1;176;N;Z;ZZ;0;1;;9999999999;SAO;1;;
26/06/2019;02/07/2019;23:59;JJ;CGH/JOI;CGH;JOI;1;177;N;Z;ZZ;89,9;49;;9999999999;SAO;1;;
26/06/2019;02/07/2019;23:59;G3;SDU/CGH/SDU;SDU;CGH;1;178;N;Z;ZZ;1.364,80;43;;9999999999;SAO;1;;
26/06/2019;04/07/2019;23:59;G3;SDU/CGH/SDU;CGH;SDU;2;178;N;Z;ZZ;1.364,80;43;;9999999999;SAO;1;;
26/06/2019;11/07/2019;23:59;JJ;CGH/CGB/CGH;CGH;CGB;1;179;N;Z;ZZ;1.381,38;19;;9999999999;SAO;1;;
26/06/2019;12/07/2019;23:59;JJ;CGH/CGB/CGH;CGB;CGH;2;179;N;Z;ZZ;1.381,38;19;;9999999999;SAO;1;;
26/06/2019;27/06/2019;23:59;JJ;SJP/CGH/SSA;SJP;CGH;1;18;N;Z;ZZ;742,9;14;;9999999999;SAO;1;;
26/06/2019;27/06/2019;23:59;JJ;SJP/CGH/SSA;CGH;SSA;2;18;N;Z;ZZ;742,9;14;;9999999999;SAO;1;;
26/06/2019;03/07/2019;23:59;G3;GRU/BEL;GRU;BEL;1;180;N;Z;ZZ;710,91;19;;9999999999;SAO;1;;
26/06/2019;04/07/2019;23:59;JJ;BEL/GRU;BEL;GRU;1;181;N;Z;ZZ;710,91;19;;9999999999;SAO;1;;
26/06/2019;01/07/2019;23:59;G3;GRU/THE/BSB/CGH;GRU;THE;1;182;N;Z;ZZ;1.543,04;1;;9999999999;SAO;1;;
26/06/2019;03/07/2019;23:59;G3;GRU/THE/BSB/CGH;THE;BSB;2;182;N;Z;ZZ;1.543,04;1;;9999999999;SAO;1;;
26/06/2019;03/07/2019;23:59;G3;GRU/THE/BSB/CGH;BSB;CGH;3;182;N;Z;ZZ;1.543,04;1;;9999999999;SAO;1;;
26/06/2019;03/07/2019;23:59;G3;NVT/CGH;NVT;CGH;1;183;N;Z;ZZ;838,9;46;;9999999999;SAO;1;;
26/06/2019;03/07/2019;23:59;JJ;CGH/NVT;CGH;NVT;1;184;N;Z;ZZ;629,16;46;;9999999999;SAO;1;;
26/06/2019;03/07/2019;23:59;JJ;CGH/NVT;CGH;NVT;1;185;N;Z;ZZ;629,16;46;;9999999999;SAO;1;;
26/06/2019;03/07/2019;23:59;G3;NVT/CGH;NVT;CGH;1;186;N;Z;ZZ;838,9;46;;9999999999;SAO;1;;
26/06/2019;02/07/2019;23:59;JJ;CGH/JOI/CGH;CGH;JOI;1;187;N;Z;ZZ;179,8;49;;9999999999;SAO;1;;
26/06/2019;02/07/2019;23:59;JJ;CGH/JOI/CGH;JOI;CGH;2;187;N;Z;ZZ;179,8;49;;9999999999;SAO;1;;
26/06/2019;28/06/2019;23:59;JJ;CGH/SDU;CGH;SDU;1;188;N;Z;ZZ;1.124,46;1;;9999999999;SAO;1;;
26/06/2019;27/06/2019;23:59;G3;THE/GRU;THE;GRU;1;189;N;Z;ZZ;1.161,86;1;;9999999999;SAO;1;;
26/06/2019;09/07/2019;23:59;AD;CNF/UDI/CNF;CNF;UDI;1;19;N;Z;ZZ;1.039,80;1;;9999999999;SAO;1;;
26/06/2019;10/07/2019;23:59;AD;CNF/UDI/CNF;UDI;CNF;2;19;N;Z;ZZ;1.039,80;1;;9999999999;SAO;1;;
26/06/2019;28/06/2019;23:59;G3;FOR/BSB/CGH;FOR;BSB;1;190;N;Z;ZZ;1.495,06;1;;9999999999;SAO;1;;
26/06/2019;28/06/2019;23:59;G3;FOR/BSB/CGH;BSB;CGH;2;190;N;Z;ZZ;1.495,06;1;;9999999999;SAO;1;;
26/06/2019;27/06/2019;23:59;AD;BEL/SLZ;BEL;SLZ;1;191;N;Z;ZZ;1.172,60;1;;9999999999;SAO;1;;
26/06/2019;29/07/2019;23:59;AD;CGH/CNF/MOC/CNF/CGH;CGH;CNF;1;192;N;Z;ZZ;1.706,80;60;;9999999999;SAO;1;;
26/06/2019;29/07/2019;23:59;AD;CGH/CNF/MOC/CNF/CGH;CNF;MOC;2;192;N;Z;ZZ;1.706,80;60;;9999999999;SAO;1;;
26/06/2019;01/08/2019;23:59;AD;CGH/CNF/MOC/CNF/CGH;MOC;CNF;3;192;N;Z;ZZ;1.706,80;60;;9999999999;SAO;1;;
26/06/2019;01/08/2019;23:59;AD;CGH/CNF/MOC/CNF/CGH;CNF;CGH;4;192;N;Z;ZZ;1.706,80;60;;9999999999;SAO;1;;
26/06/2019;02/07/2019;23:59;G3;BEL/BSB/BEL;BEL;BSB;1;193;N;Z;ZZ;1.799,80;57;;9999999999;SAO;1;;
26/06/2019;04/07/2019;23:59;G3;BEL/BSB/BEL;BSB;BEL;2;193;N;Z;ZZ;1.799,80;57;;9999999999;SAO;1;;
26/06/2019;26/06/2019;23:59;JJ;NVT/GRU;NVT;GRU;1;194;N;Z;ZZ;355,9;46;;9999999999;SAO;1;;
26/06/2019;01/07/2019;23:59;JJ;CGH/SDU/CGH;CGH;SDU;1;195;N;Z;ZZ;1.307,50;31;;9999999999;SAO;1;;
26/06/2019;05/07/2019;23:59;JJ;CGH/SDU/CGH;SDU;CGH;2;195;N;Z;ZZ;1.307,50;31;;9999999999;SAO;1;;
26/06/2019;05/07/2019;23:59;JJ;CGH/VIX;CGH;VIX;1;196;N;Z;ZZ;599,89;37;;9999999999;SAO;1;;
26/06/2019;01/07/2019;23:59;AD;VIX/CNF/CGH;VIX;CNF;1;197;N;Z;ZZ;716,9;37;;9999999999;SAO;1;;
26/06/2019;01/07/2019;23:59;AD;VIX/CNF/CGH;CNF;CGH;2;197;N;Z;ZZ;716,9;37;;9999999999;SAO;1;;
26/06/2019;13/07/2019;23:59;G3;FOR/GRU;FOR;GRU;1;198;N;Z;ZZ;532,85;247;;9999999999;SAO;1;;
26/06/2019;08/07/2019;23:59;AD;GRU/FOR;GRU;FOR;1;199;N;Z;ZZ;784,9;247;;9999999999;SAO;1;;
26/06/2019;28/06/2019;23:59;JJ;CGH/RAO/CGH;CGH;RAO;1;2;N;Z;ZZ;1.291,48;1;;9999999999;SAO;1;;
26/06/2019;28/06/2019;23:59;JJ;CGH/RAO/CGH;RAO;CGH;2;2;N;Z;ZZ;1.291,48;1;;9999999999;SAO;1;;
26/06/2019;15/07/2019;23:59;AD;FOR/THE;FOR;THE;1;20;N;Z;ZZ;189,9;25;;9999999999;SAO;1;;
26/06/2019;06/08/2019;23:59;JJ;GRU/VIX/GRU;GRU;VIX;1;200;N;Z;ZZ;353,8;15;;9999999999;SAO;1;;
26/06/2019;07/08/2019;23:59;JJ;GRU/VIX/GRU;VIX;GRU;2;200;N;Z;ZZ;353,8;15;;9999999999;SAO;1;;
26/06/2019;01/07/2019;23:59;G3;CGH/NVT/CGH;CGH;NVT;1;201;N;Z;ZZ;1.538,82;19;;9999999999;SAO;1;;
26/06/2019;02/07/2019;23:59;G3;CGH/NVT/CGH;NVT;CGH;2;201;N;Z;ZZ;1.538,82;19;;9999999999;SAO;1;;
26/06/2019;12/07/2019;23:59;G3;BSB/CNF;BSB;CNF;1;202;N;Z;ZZ;470,61;19;;9999999999;SAO;1;;
26/06/2019;30/06/2019;23:59;JJ;GRU/BSB;GRU;BSB;1;203;N;Z;ZZ;788,25;19;;9999999999;SAO;1;;
26/06/2019;27/06/2019;23:59;AV;GRU/BOG/MIA;GRU;BOG;1;204;I;Z;ZZ;5.879,51;46;;9999999999;SAO;1;;
26/06/2019;27/06/2019;23:59;AV;GRU/BOG/MIA;BOG;MIA;2;204;I;Z;ZZ;5.879,51;46;;9999999999;SAO;1;;
26/06/2019;27/06/2019;23:59;G3;SDU/BSB/SDU;SDU;BSB;1;205;N;Z;ZZ;2.799,80;31;;9999999999;SAO;1;;
26/06/2019;27/06/2019;23:59;G3;SDU/BSB/SDU;BSB;SDU;2;205;N;Z;ZZ;2.799,80;31;;9999999999;SAO;1;;
26/06/2019;29/06/2019;23:59;G3;NAT/FOR/SSA;NAT;FOR;1;206;N;Z;ZZ;935;1;;9999999999;SAO;1;;
26/06/2019;29/06/2019;23:59;G3;NAT/FOR/SSA;FOR;SSA;2;206;N;Z;ZZ;935;1;;9999999999;SAO;1;;
26/06/2019;27/06/2019;23:59;AD;SSA/REC/NAT;SSA;REC;1;207;N;Z;ZZ;1.363,31;1;;9999999999;SAO;1;;
26/06/2019;27/06/2019;23:59;AD;SSA/REC/NAT;REC;NAT;2;207;N;Z;ZZ;1.363,31;1;;9999999999;SAO;1;;
27/06/2019;01/07/2019;23:59;G3;CGH/JOI/CGH;CGH;JOI;1;208;N;Z;ZZ;128,16;1;;9999999999;SAO;1;;
27/06/2019;03/07/2019;23:59;G3;CGH/JOI/CGH;JOI;CGH;2;208;N;Z;ZZ;128,16;1;;9999999999;SAO;1;;
27/06/2019;04/07/2019;23:59;AD;VCP/GIG;VCP;GIG;1;209;N;Z;ZZ;713,9;56;;9999999999;SAO;1;;
26/06/2019;26/06/2019;23:59;G3;BEL/GRU/NVT;BEL;GRU;1;21;N;Z;ZZ;659,51;1;;9999999999;SAO;1;;
26/06/2019;26/06/2019;23:59;G3;BEL/GRU/NVT;GRU;NVT;2;21;N;Z;ZZ;659,51;1;;9999999999;SAO;1;;
27/06/2019;05/07/2019;23:59;G3;GIG/VCP;GIG;VCP;1;210;N;Z;ZZ;522,4;56;;9999999999;SAO;1;;
27/06/2019;12/07/2019;23:59;G3;GIG/VCP;GIG;VCP;1;211;N;Z;ZZ;617,4;56;;9999999999;SAO;1;;
27/06/2019;11/07/2019;23:59;AD;VCP/GIG;VCP;GIG;1;212;N;Z;ZZ;299,9;56;;9999999999;SAO;1;;
27/06/2019;15/07/2019;23:59;AD;VCP/GIG;VCP;GIG;1;213;N;Z;ZZ;299,9;56;;9999999999;SAO;1;;
27/06/2019;16/07/2019;23:59;G3;GIG/VCP;GIG;VCP;1;214;N;Z;ZZ;284,9;56;;9999999999;SAO;1;;
27/06/2019;25/07/2019;23:59;G3;GIG/VCP;GIG;VCP;1;215;N;Z;ZZ;208,9;56;;9999999999;SAO;1;;
27/06/2019;24/07/2019;23:59;AD;VCP/GIG;VCP;GIG;1;216;N;Z;ZZ;109,9;56;;9999999999;SAO;1;;
27/06/2019;02/08/2019;23:59;G3;GIG/VCP;GIG;VCP;1;217;N;Z;ZZ;104,4;56;;9999999999;SAO;1;;
27/06/2019;01/08/2019;23:59;AD;VCP/GIG;VCP;GIG;1;218;N;Z;ZZ;109,9;56;;9999999999;SAO;1;;
27/06/2019;30/06/2019;23:59;G3;CNF/CGH/POA/CGH/CNF;CNF;CGH;1;219;N;Z;ZZ;930,24;1;;9999999999;SAO;1;;
27/06/2019;30/06/2019;23:59;G3;CNF/CGH/POA/CGH/CNF;CGH;POA;2;219;N;Z;ZZ;930,24;1;;9999999999;SAO;1;;
27/06/2019;04/07/2019;23:59;G3;CNF/CGH/POA/CGH/CNF;POA;CGH;3;219;N;Z;ZZ;930,24;1;;9999999999;SAO;1;;
27/06/2019;04/07/2019;23:59;G3;CNF/CGH/POA/CGH/CNF;CGH;CNF;4;219;N;Z;ZZ;930,24;1;;9999999999;SAO;1;;
26/06/2019;08/07/2019;23:59;AD;VCP/CGB/VCP;VCP;CGB;1;22;N;Z;ZZ;2.102,80;25;;9999999999;SAO;1;;
26/06/2019;14/07/2019;23:59;AD;VCP/CGB/VCP;CGB;VCP;2;22;N;Z;ZZ;2.102,80;25;;9999999999;SAO;1;;
27/06/2019;02/07/2019;23:59;AD;CWB/CGH/CNF;CWB;CGH;1;220;N;Z;ZZ;662,9;251;;9999999999;SAO;1;;
27/06/2019;02/07/2019;23:59;AD;CWB/CGH/CNF;CGH;CNF;2;220;N;Z;ZZ;662,9;251;;9999999999;SAO;1;;
27/06/2019;02/07/2019;23:59;G3;CNF/GIG/CWB;CNF;GIG;1;221;N;Z;ZZ;701,9;251;;9999999999;SAO;1;;
27/06/2019;02/07/2019;23:59;G3;CNF/GIG/CWB;GIG;CWB;2;221;N;Z;ZZ;701,9;251;;9999999999;SAO;1;;
27/06/2019;18/07/2019;23:59;G3;CGH/SDU/CGH;CGH;SDU;1;222;N;Z;ZZ;427,9;252;;9999999999;SAO;1;;
27/06/2019;20/07/2019;23:59;G3;CGH/SDU/CGH;SDU;CGH;2;222;N;Z;ZZ;427,9;252;;9999999999;SAO;1;;
27/06/2019;01/07/2019;23:59;G3;CGH/REC/CGH;CGH;REC;1;223;N;Z;ZZ;2.094,24;1;;9999999999;SAO;1;;
27/06/2019;04/07/2019;23:59;G3;CGH/REC/CGH;REC;CGH;2;223;N;Z;ZZ;2.094,24;1;;9999999999;SAO;1;;
27/06/2019;03/07/2019;23:59;AD;MOC/CNF/VCP/FOR;MOC;CNF;1;224;N;Z;ZZ;719,9;25;;9999999999;SAO;1;;
27/06/2019;03/07/2019;23:59;AD;MOC/CNF/VCP/FOR;CNF;VCP;2;224;N;Z;ZZ;719,9;25;;9999999999;SAO;1;;
27/06/2019;03/07/2019;23:59;AD;MOC/CNF/VCP/FOR;VCP;FOR;3;224;N;Z;ZZ;719,9;25;;9999999999;SAO;1;;
27/06/2019;04/07/2019;23:59;JJ;FLN/CGH/CWB;FLN;CGH;1;225;N;Z;ZZ;720,8;1;;9999999999;SAO;1;;
27/06/2019;04/07/2019;23:59;JJ;FLN/CGH/CWB;CGH;CWB;2;225;N;Z;ZZ;720,8;1;;9999999999;SAO;1;;
27/06/2019;30/06/2019;23:59;G3;JPA/CGH/POA/CGH/FLN//CWB/GRU/JPA;JPA;CGH;1;226;N;Z;ZZ;2.322,78;1;;9999999999;SAO;1;;
27/06/2019;30/06/2019;23:59;G3;JPA/CGH/POA/CGH/FLN//CWB/GRU/JPA;CGH;POA;2;226;N;Z;ZZ;2.322,78;1;;9999999999;SAO;1;;
27/06/2019;02/07/2019;23:59;G3;JPA/CGH/POA/CGH/FLN//CWB/GRU/JPA;POA;CGH;3;226;N;Z;ZZ;2.322,78;1;;9999999999;SAO;1;;
27/06/2019;02/07/2019;23:59;G3;JPA/CGH/POA/CGH/FLN//CWB/GRU/JPA;CGH;FLN;4;226;N;Z;ZZ;2.322,78;1;;9999999999;SAO;1;;
27/06/2019;06/07/2019;23:59;G3;JPA/CGH/POA/CGH/FLN//CWB/GRU/JPA;CWB;GRU;5;226;N;Z;ZZ;2.322,78;1;;9999999999;SAO;1;;
27/06/2019;06/07/2019;23:59;G3;JPA/CGH/POA/CGH/FLN//CWB/GRU/JPA;GRU;JPA;6;226;N;Z;ZZ;2.322,78;1;;9999999999;SAO;1;;
27/06/2019;27/06/2019;23:59;G3;GRU/UIO;GRU;UIO;1;227;I;Z;ZZ;1.057,13;238;;9999999999;SAO;1;;
27/06/2019;15/07/2019;23:59;G3;SDU/VIX;SDU;VIX;1;228;N;Z;ZZ;320,36;1;;9999999999;SAO;1;;
27/06/2019;12/07/2019;23:59;AD;VIX/VCP/JOI/VCP/VIX;VIX;VCP;1;229;N;Z;ZZ;1.274,80;12;;9999999999;SAO;1;;
27/06/2019;12/07/2019;23:59;AD;VIX/VCP/JOI/VCP/VIX;VCP;JOI;2;229;N;Z;ZZ;1.274,80;12;;9999999999;SAO;1;;
27/06/2019;18/07/2019;23:59;AD;VIX/VCP/JOI/VCP/VIX;JOI;VCP;3;229;N;Z;ZZ;1.274,80;12;;9999999999;SAO;1;;
27/06/2019;18/07/2019;23:59;AD;VIX/VCP/JOI/VCP/VIX;VCP;VIX;4;229;N;Z;ZZ;1.274,80;12;;9999999999;SAO;1;;
26/06/2019;01/07/2019;23:59;G3;SSA/CGH/CWB/CGH/SSA;SSA;CGH;1;23;N;Z;ZZ;1.266,24;1;;9999999999;SAO;1;;
26/06/2019;01/07/2019;23:59;G3;SSA/CGH/CWB/CGH/SSA;CGH;CWB;2;23;N;Z;ZZ;1.266,24;1;;9999999999;SAO;1;;
26/06/2019;05/07/2019;23:59;G3;SSA/CGH/CWB/CGH/SSA;CWB;CGH;3;23;N;Z;ZZ;1.266,24;1;;9999999999;SAO;1;;
26/06/2019;05/07/2019;23:59;G3;SSA/CGH/CWB/CGH/SSA;CGH;SSA;4;23;N;Z;ZZ;1.266,24;1;;9999999999;SAO;1;;
27/06/2019;01/07/2019;23:59;G3;GRU/XAP/GRU;GRU;XAP;1;230;N;Z;ZZ;2.551,80;256;;9999999999;SAO;1;;
27/06/2019;05/07/2019;23:59;G3;GRU/XAP/GRU;XAP;GRU;2;230;N;Z;ZZ;2.551,80;256;;9999999999;SAO;1;;
27/06/2019;30/06/2019;23:59;JJ;CGR/CGH;CGR;CGH;1;231;N;Z;ZZ;1.399,90;15;;9999999999;SAO;1;;
27/06/2019;28/06/2019;23:59;G3;CGH/CGR;CGH;CGR;1;232;N;Z;ZZ;1.287,91;15;;9999999999;SAO;1;;
27/06/2019;30/06/2019;23:59;JJ;GRU/CWB;GRU;CWB;1;233;N;Z;ZZ;362,34;256;;9999999999;SAO;1;;
27/06/2019;11/07/2019;23:59;AD;CWB/GRU;CWB;GRU;1;234;N;Z;ZZ;229,9;256;;9999999999;SAO;1;;
27/06/2019;01/07/2019;23:59;JJ;GRU/CWB;GRU;CWB;1;235;N;Z;ZZ;303,57;48;;9999999999;SAO;1;;
27/06/2019;06/07/2019;23:59;G3;CGH/GYN/CGH;CGH;GYN;1;236;N;Z;ZZ;1.506,80;181;;9999999999;SAO;1;;
27/06/2019;06/07/2019;23:59;G3;CGH/GYN/CGH;GYN;CGH;2;236;N;Z;ZZ;1.506,80;181;;9999999999;SAO;1;;
27/06/2019;06/07/2019;23:59;G3;CGH/GYN/CGH;CGH;GYN;1;237;N;Z;ZZ;1.506,80;181;;9999999999;SAO;1;;
27/06/2019;06/07/2019;23:59;G3;CGH/GYN/CGH;GYN;CGH;2;237;N;Z;ZZ;1.506,80;181;;9999999999;SAO;1;;
27/06/2019;28/06/2019;23:59;G3;STM/BEL;STM;BEL;1;238;N;Z;ZZ;574,51;1;;9999999999;SAO;1;;
27/06/2019;29/06/2019;23:59;JJ;SDU/BSB/BEL;SDU;BSB;1;239;N;Z;ZZ;1.869,15;1;;9999999999;SAO;1;;
27/06/2019;29/06/2019;23:59;JJ;SDU/BSB/BEL;BSB;BEL;2;239;N;Z;ZZ;1.869,15;1;;9999999999;SAO;1;;
26/06/2019;01/07/2019;23:59;AD;FOR/THE/FOR;FOR;THE;1;24;N;Z;ZZ;407,45;1;;9999999999;SAO;1;;
26/06/2019;03/07/2019;23:59;AD;FOR/THE/FOR;THE;FOR;2;24;N;Z;ZZ;407,45;1;;9999999999;SAO;1;;
27/06/2019;15/07/2019;23:59;G3;IGU/GRU/IGU;IGU;GRU;1;240;N;Z;ZZ;889,8;25;;9999999999;SAO;1;;
27/06/2019;19/07/2019;23:59;G3;IGU/GRU/IGU;GRU;IGU;2;240;N;Z;ZZ;889,8;25;;9999999999;SAO;1;;
27/06/2019;12/07/2019;23:59;2Z;PMW/GRU;PMW;GRU;1;241;N;Z;ZZ;652,41;247;;9999999999;SAO;1;;
27/06/2019;08/07/2019;23:59;AD;GRU/CNF/GYN/PMW;GRU;CNF;1;242;N;Z;ZZ;1.384,90;247;;9999999999;SAO;1;;
27/06/2019;08/07/2019;23:59;AD;GRU/CNF/GYN/PMW;CNF;GYN;2;242;N;Z;ZZ;1.384,90;247;;9999999999;SAO;1;;
27/06/2019;08/07/2019;23:59;AD;GRU/CNF/GYN/PMW;GYN;PMW;3;242;N;Z;ZZ;1.384,90;247;;9999999999;SAO;1;;
27/06/2019;11/07/2019;23:59;JJ;CGH/CGB/CGH;CGH;CGB;1;243;N;Z;ZZ;1.202,16;19;;9999999999;SAO;1;;
27/06/2019;12/07/2019;23:59;JJ;CGH/CGB/CGH;CGB;CGH;2;243;N;Z;ZZ;1.202,16;19;;9999999999;SAO;1;;
27/06/2019;08/07/2019;23:59;G3;ITB/BEL;ITB;BEL;1;244;N;Z;ZZ;1.099,90;58;;9999999999;SAO;1;;
27/06/2019;04/07/2019;23:59;AR;GRU/EZE/GRU;GRU;EZE;1;245;I;Z;ZZ;1.676,02;46;;9999999999;SAO;1;;
27/06/2019;04/07/2019;23:59;AR;GRU/EZE/GRU;EZE;GRU;2;245;I;Z;ZZ;1.676,02;46;;9999999999;SAO;1;;
27/06/2019;02/07/2019;23:59;JJ;SDU/CGH/SDU;SDU;CGH;1;246;N;Z;ZZ;891,26;228;;9999999999;SAO;1;;
27/06/2019;04/07/2019;23:59;JJ;SDU/CGH/SDU;CGH;SDU;2;246;N;Z;ZZ;891,26;228;;9999999999;SAO;1;;
27/06/2019;30/06/2019;23:59;G3;JPA/GRU/FLN/GIG/JPA;JPA;GRU;1;247;N;Z;ZZ;2.442,24;1;;9999999999;SAO;1;;
27/06/2019;30/06/2019;23:59;G3;JPA/GRU/FLN/GIG/JPA;GRU;FLN;2;247;N;Z;ZZ;2.442,24;1;;9999999999;SAO;1;;
27/06/2019;03/07/2019;23:59;G3;JPA/GRU/FLN/GIG/JPA;FLN;GIG;3;247;N;Z;ZZ;2.442,24;1;;9999999999;SAO;1;;
27/06/2019;03/07/2019;23:59;G3;JPA/GRU/FLN/GIG/JPA;GIG;JPA;4;247;N;Z;ZZ;2.442,24;1;;9999999999;SAO;1;;
27/06/2019;04/07/2019;23:59;JJ;GRU/EZE/GRU;GRU;EZE;1;248;I;Z;ZZ;3.463,53;46;;9999999999;SAO;1;;
27/06/2019;04/07/2019;23:59;JJ;GRU/EZE/GRU;EZE;GRU;2;248;I;Z;ZZ;3.463,53;46;;9999999999;SAO;1;;
27/06/2019;01/07/2019;23:59;JJ;SDU/BSB/THE/BSB/SDU;SDU;BSB;1;249;N;Z;ZZ;0;1;;9999999999;SAO;1;;
27/06/2019;01/07/2019;23:59;JJ;SDU/BSB/THE/BSB/SDU;BSB;THE;2;249;N;Z;ZZ;0;1;;9999999999;SAO;1;;
27/06/2019;12/07/2019;23:59;JJ;SDU/BSB/THE/BSB/SDU;THE;BSB;3;249;N;Z;ZZ;0;1;;9999999999;SAO;1;;
27/06/2019;12/07/2019;23:59;JJ;SDU/BSB/THE/BSB/SDU;BSB;SDU;4;249;N;Z;ZZ;0;1;;9999999999;SAO;1;;
26/06/2019;03/07/2019;23:59;JJ;FOR/NAT;FOR;NAT;1;25;N;Z;ZZ;107,93;1;;9999999999;SAO;1;;
27/06/2019;12/07/2019;23:59;G3;GRU/SDU/GRU;GRU;SDU;1;250;N;Z;ZZ;575,74;21;;9999999999;SAO;1;;
27/06/2019;12/07/2019;23:59;G3;GRU/SDU/GRU;SDU;GRU;2;250;N;Z;ZZ;575,74;21;;9999999999;SAO;1;;
27/06/2019;27/06/2019;23:59;G3;CGH/CXJ;CGH;CXJ;1;251;N;Z;ZZ;410,9;127;;9999999999;SAO;1;;
27/06/2019;10/07/2019;23:59;AD;POA/NVT//CWB/POA;POA;NVT;1;252;N;Z;ZZ;665,82;1;;9999999999;SAO;1;;
27/06/2019;11/07/2019;23:59;AD;POA/NVT//CWB/POA;CWB;POA;2;252;N;Z;ZZ;665,82;1;;9999999999;SAO;1;;
27/06/2019;10/07/2019;23:59;AD;GYN/VCP/JOI/VCP/GYN;GYN;VCP;1;253;N;Z;ZZ;994,32;1;;9999999999;SAO;1;;
27/06/2019;10/07/2019;23:59;AD;GYN/VCP/JOI/VCP/GYN;VCP;JOI;2;253;N;Z;ZZ;994,32;1;;9999999999;SAO;1;;
27/06/2019;11/07/2019;23:59;AD;GYN/VCP/JOI/VCP/GYN;JOI;VCP;3;253;N;Z;ZZ;994,32;1;;9999999999;SAO;1;;
27/06/2019;11/07/2019;23:59;AD;GYN/VCP/JOI/VCP/GYN;VCP;GYN;4;253;N;Z;ZZ;994,32;1;;9999999999;SAO;1;;
27/06/2019;25/07/2019;23:59;G3;CGH/CXJ/CGH;CGH;CXJ;1;254;N;Z;ZZ;499,8;236;;9999999999;SAO;1;;
27/06/2019;25/07/2019;23:59;G3;CGH/CXJ/CGH;CXJ;CGH;2;254;N;Z;ZZ;499,8;236;;9999999999;SAO;1;;
27/06/2019;10/07/2019;23:59;JJ;CGH/JOI/CGH;CGH;JOI;1;255;N;Z;ZZ;217,8;1;;9999999999;SAO;1;;
27/06/2019;11/07/2019;23:59;JJ;CGH/JOI/CGH;JOI;CGH;2;255;N;Z;ZZ;217,8;1;;9999999999;SAO;1;;
27/06/2019;09/07/2019;23:59;G3;FOR/CGH/JOI;FOR;CGH;1;256;N;Z;ZZ;553,26;1;;9999999999;SAO;1;;
27/06/2019;09/07/2019;23:59;G3;FOR/CGH/JOI;CGH;JOI;2;256;N;Z;ZZ;553,26;1;;9999999999;SAO;1;;
27/06/2019;11/07/2019;23:59;JJ;JOI/CGH//GRU/FOR;JOI;CGH;1;257;N;Z;ZZ;561;1;;9999999999;SAO;1;;
27/06/2019;11/07/2019;23:59;JJ;JOI/CGH//GRU/FOR;GRU;FOR;2;257;N;Z;ZZ;561;1;;9999999999;SAO;1;;
27/06/2019;09/07/2019;23:59;G3;GIG/VIX;GIG;VIX;1;258;N;Z;ZZ;314,41;1;;9999999999;SAO;1;;
27/06/2019;10/07/2019;23:59;JJ;VIX/CGH/JOI;VIX;CGH;1;259;N;Z;ZZ;545,7;1;;9999999999;SAO;1;;
27/06/2019;10/07/2019;23:59;JJ;VIX/CGH/JOI;CGH;JOI;2;259;N;Z;ZZ;545,7;1;;9999999999;SAO;1;;
26/06/2019;01/07/2019;23:59;G3;NAT/FOR;NAT;FOR;1;26;N;Z;ZZ;206,55;1;;9999999999;SAO;1;;
27/06/2019;08/07/2019;23:59;AD;JOI/VCP/SDU;JOI;VCP;1;260;N;Z;ZZ;560,91;1;;9999999999;SAO;1;;
27/06/2019;08/07/2019;23:59;AD;JOI/VCP/SDU;VCP;SDU;2;260;N;Z;ZZ;560,91;1;;9999999999;SAO;1;;
27/06/2019;01/07/2019;23:59;JJ;POA/CGH/POA;POA;CGH;1;261;N;Z;ZZ;959,77;27;;9999999999;SAO;1;;
27/06/2019;03/07/2019;23:59;JJ;POA/CGH/POA;CGH;POA;2;261;N;Z;ZZ;959,77;27;;9999999999;SAO;1;;
27/06/2019;28/06/2019;23:59;AD;IPN/CNF/GRU;IPN;CNF;1;262;N;Z;ZZ;855,9;12;;9999999999;SAO;1;;
27/06/2019;28/06/2019;23:59;AD;IPN/CNF/GRU;CNF;GRU;2;262;N;Z;ZZ;855,9;12;;9999999999;SAO;1;;
27/06/2019;28/06/2019;23:59;G3;NAT/GIG;NAT;GIG;1;263;N;Z;ZZ;280,5;1;;9999999999;SAO;1;;
27/06/2019;02/07/2019;23:59;JJ;BSB/CGH;BSB;CGH;1;264;N;Z;ZZ;1.219,41;19;;9999999999;SAO;1;;
27/06/2019;03/07/2019;23:59;G3;CGH/BSB;CGH;BSB;1;265;N;Z;ZZ;1.025,01;19;;9999999999;SAO;1;;
27/06/2019;01/07/2019;23:59;AD;CNF/RAO;CNF;RAO;1;266;N;Z;ZZ;839,9;18;;9999999999;SAO;1;;
27/06/2019;28/06/2019;23:59;G3;NAT/GIG;NAT;GIG;1;267;N;Z;ZZ;280,5;1;;9999999999;SAO;1;;
27/06/2019;01/07/2019;23:59;AD;VCP/CWB/VCP;VCP;CWB;1;268;N;Z;ZZ;1.455,80;256;;9999999999;SAO;1;;
27/06/2019;07/07/2019;23:59;AD;VCP/CWB/VCP;CWB;VCP;2;268;N;Z;ZZ;1.455,80;256;;9999999999;SAO;1;;
27/06/2019;02/07/2019;23:59;JJ;CGH/SDU/CGH;CGH;SDU;1;269;N;Z;ZZ;381,55;1;;9999999999;SAO;1;;
27/06/2019;04/07/2019;23:59;JJ;CGH/SDU/CGH;SDU;CGH;2;269;N;Z;ZZ;381,55;1;;9999999999;SAO;1;;
26/06/2019;02/07/2019;23:59;AD;CNF/VCP/NVT;CNF;VCP;1;27;N;Z;ZZ;520,11;1;;9999999999;SAO;1;;
26/06/2019;02/07/2019;23:59;AD;CNF/VCP/NVT;VCP;NVT;2;27;N;Z;ZZ;520,11;1;;9999999999;SAO;1;;
27/06/2019;19/07/2019;23:59;G3;FLN/GRU;FLN;GRU;1;270;N;Z;ZZ;285,11;14;;9999999999;SAO;1;;
27/06/2019;13/07/2019;23:59;JJ;GRU/FLN;GRU;FLN;1;271;N;Z;ZZ;360,9;14;;9999999999;SAO;1;;
27/06/2019;05/08/2019;23:59;JJ;GRU/POA;GRU;POA;1;272;N;Z;ZZ;294,4;14;;9999999999;SAO;1;;
27/06/2019;09/08/2019;23:59;AD;POA/GRU;POA;GRU;1;273;N;Z;ZZ;192,57;14;;9999999999;SAO;1;;
27/06/2019;05/08/2019;23:59;JJ;GRU/POA;GRU;POA;1;274;N;Z;ZZ;294,4;14;;9999999999;SAO;1;;
27/06/2019;09/08/2019;23:59;AD;POA/GRU;POA;GRU;1;275;N;Z;ZZ;192,57;14;;9999999999;SAO;1;;
27/06/2019;30/06/2019;23:59;G3;GRU/GIG/GRU;GRU;GIG;1;276;N;Z;ZZ;1.011,04;1;;9999999999;SAO;1;;
27/06/2019;01/07/2019;23:59;G3;GRU/GIG/GRU;GIG;GRU;2;276;N;Z;ZZ;1.011,04;1;;9999999999;SAO;1;;
27/06/2019;12/07/2019;23:59;G3;THE/FOR/GRU;THE;FOR;1;277;N;Z;ZZ;669,65;247;;9999999999;SAO;1;;
27/06/2019;12/07/2019;23:59;G3;THE/FOR/GRU;FOR;GRU;2;277;N;Z;ZZ;669,65;247;;9999999999;SAO;1;;
27/06/2019;10/07/2019;23:59;G3;ITB/BEL;ITB;BEL;1;278;N;Z;ZZ;1.099,90;1;;9999999999;SAO;1;;
27/06/2019;13/07/2019;23:59;JJ;PVH/GRU;PVH;GRU;1;279;N;Z;ZZ;670,9;247;;9999999999;SAO;1;;
26/06/2019;15/07/2019;23:59;G3;FLN/CGH/FLN;FLN;CGH;1;28;N;Z;ZZ;850,59;18;;9999999999;SAO;1;;
26/06/2019;17/07/2019;23:59;G3;FLN/CGH/FLN;CGH;FLN;2;28;N;Z;ZZ;850,59;18;;9999999999;SAO;1;;
27/06/2019;09/07/2019;23:59;AD;GRU/CNF/PVH;GRU;CNF;1;280;N;Z;ZZ;753,9;247;;9999999999;SAO;1;;
27/06/2019;09/07/2019;23:59;AD;GRU/CNF/PVH;CNF;PVH;2;280;N;Z;ZZ;753,9;247;;9999999999;SAO;1;;
27/06/2019;22/07/2019;23:59;JJ;GRU/CNF/CGH;GRU;CNF;1;281;N;Z;ZZ;274,8;1;;9999999999;SAO;1;;
27/06/2019;26/07/2019;23:59;JJ;GRU/CNF/CGH;CNF;CGH;2;281;N;Z;ZZ;274,8;1;;9999999999;SAO;1;;
27/06/2019;03/07/2019;23:59;JJ;CGH/SDU;CGH;SDU;1;282;N;Z;ZZ;651,86;1;;9999999999;SAO;1;;
27/06/2019;04/07/2019;23:59;G3;GIG/BSB/CGH;GIG;BSB;1;283;N;Z;ZZ;1.606,32;1;;9999999999;SAO;1;;
27/06/2019;04/07/2019;23:59;G3;GIG/BSB/CGH;BSB;CGH;2;283;N;Z;ZZ;1.606,32;1;;9999999999;SAO;1;;
27/06/2019;04/07/2019;23:59;JJ;CGH/GIG//SDU/CGH;CGH;GIG;1;284;N;Z;ZZ;889,34;25;;9999999999;SAO;1;;
27/06/2019;04/07/2019;23:59;JJ;CGH/GIG//SDU/CGH;SDU;CGH;2;284;N;Z;ZZ;889,34;25;;9999999999;SAO;1;;
27/06/2019;04/07/2019;23:59;JJ;CGH/GIG//SDU/CGH;CGH;GIG;1;285;N;Z;ZZ;889,34;25;;9999999999;SAO;1;;
27/06/2019;04/07/2019;23:59;JJ;CGH/GIG//SDU/CGH;SDU;CGH;2;285;N;Z;ZZ;889,34;25;;9999999999;SAO;1;;
27/06/2019;09/07/2019;23:59;JJ;BSB/CGH/SJP/CGH/BSB;BSB;CGH;1;286;N;Z;ZZ;808,99;25;;9999999999;SAO;1;;
27/06/2019;09/07/2019;23:59;JJ;BSB/CGH/SJP/CGH/BSB;CGH;SJP;2;286;N;Z;ZZ;808,99;25;;9999999999;SAO;1;;
27/06/2019;12/07/2019;23:59;JJ;BSB/CGH/SJP/CGH/BSB;SJP;CGH;3;286;N;Z;ZZ;808,99;25;;9999999999;SAO;1;;
27/06/2019;12/07/2019;23:59;JJ;BSB/CGH/SJP/CGH/BSB;CGH;BSB;4;286;N;Z;ZZ;808,99;25;;9999999999;SAO;1;;
27/06/2019;30/06/2019;23:59;JJ;CGH/CWB;CGH;CWB;1;287;N;Z;ZZ;605,9;1;;9999999999;SAO;1;;
27/06/2019;08/07/2019;23:59;JJ;BSB/CGH/JOI/CGH/BSB;BSB;CGH;1;288;N;Z;ZZ;967,3;1;;9999999999;SAO;1;;
27/06/2019;08/07/2019;23:59;JJ;BSB/CGH/JOI/CGH/BSB;CGH;JOI;2;288;N;Z;ZZ;967,3;1;;9999999999;SAO;1;;
27/06/2019;12/07/2019;23:59;JJ;BSB/CGH/JOI/CGH/BSB;JOI;CGH;3;288;N;Z;ZZ;967,3;1;;9999999999;SAO;1;;
27/06/2019;12/07/2019;23:59;JJ;BSB/CGH/JOI/CGH/BSB;CGH;BSB;4;288;N;Z;ZZ;967,3;1;;9999999999;SAO;1;;
27/06/2019;08/07/2019;23:59;JJ;BSB/CGH/JOI/CGH/BSB;BSB;CGH;1;289;N;Z;ZZ;967,3;1;;9999999999;SAO;1;;
27/06/2019;08/07/2019;23:59;JJ;BSB/CGH/JOI/CGH/BSB;CGH;JOI;2;289;N;Z;ZZ;967,3;1;;9999999999;SAO;1;;
27/06/2019;12/07/2019;23:59;JJ;BSB/CGH/JOI/CGH/BSB;JOI;CGH;3;289;N;Z;ZZ;967,3;1;;9999999999;SAO;1;;
27/06/2019;12/07/2019;23:59;JJ;BSB/CGH/JOI/CGH/BSB;CGH;BSB;4;289;N;Z;ZZ;967,3;1;;9999999999;SAO;1;;
26/06/2019;26/06/2019;23:59;JJ;VIX/BSB/BEL;VIX;BSB;1;29;N;Z;ZZ;897,6;1;;9999999999;SAO;1;;
26/06/2019;27/06/2019;23:59;JJ;VIX/BSB/BEL;BSB;BEL;2;29;N;Z;ZZ;897,6;1;;9999999999;SAO;1;;
27/06/2019;02/07/2019;23:59;G3;CGH/SDU/CGH;CGH;SDU;1;290;N;Z;ZZ;1.091,84;1;;9999999999;SAO;1;;
27/06/2019;04/07/2019;23:59;G3;CGH/SDU/CGH;SDU;CGH;2;290;N;Z;ZZ;1.091,84;1;;9999999999;SAO;1;;
27/06/2019;08/07/2019;23:59;G3;BEL/ITB;BEL;ITB;1;291;N;Z;ZZ;1.099,90;1;;9999999999;SAO;1;;
27/06/2019;19/07/2019;23:59;AF;CPT/CDG;CPT;CDG;1;292;I;Z;ZZ;8.198,68;18;;9999999999;SAO;1;;
27/06/2019;10/07/2019;23:59;JJ;VIX/CGH/JOI;VIX;CGH;1;293;N;Z;ZZ;545,7;1;;9999999999;SAO;1;;
27/06/2019;10/07/2019;23:59;JJ;VIX/CGH/JOI;CGH;JOI;2;293;N;Z;ZZ;545,7;1;;9999999999;SAO;1;;
27/06/2019;09/07/2019;23:59;G3;GIG/VIX//JOI/CGH/SDU;GIG;VIX;1;294;N;Z;ZZ;792,02;1;;9999999999;SAO;1;;
27/06/2019;12/07/2019;23:59;G3;GIG/VIX//JOI/CGH/SDU;JOI;CGH;2;294;N;Z;ZZ;792,02;1;;9999999999;SAO;1;;
27/06/2019;12/07/2019;23:59;G3;GIG/VIX//JOI/CGH/SDU;CGH;SDU;3;294;N;Z;ZZ;792,02;1;;9999999999;SAO;1;;
27/06/2019;01/07/2019;23:59;G3;SDU/CGH/JOI/CGH/SDU;SDU;CGH;1;295;N;Z;ZZ;1.325,73;1;;9999999999;SAO;1;;
27/06/2019;01/07/2019;23:59;G3;SDU/CGH/JOI/CGH/SDU;CGH;JOI;2;295;N;Z;ZZ;1.325,73;1;;9999999999;SAO;1;;
27/06/2019;03/07/2019;23:59;G3;SDU/CGH/JOI/CGH/SDU;JOI;CGH;3;295;N;Z;ZZ;1.325,73;1;;9999999999;SAO;1;;
27/06/2019;05/07/2019;23:59;G3;SDU/CGH/JOI/CGH/SDU;CGH;SDU;4;295;N;Z;ZZ;1.325,73;1;;9999999999;SAO;1;;
27/06/2019;15/07/2019;23:59;JJ;GRU/GYN/CGH;GRU;GYN;1;296;N;Z;ZZ;756,8;247;;9999999999;SAO;1;;
27/06/2019;19/07/2019;23:59;JJ;GRU/GYN/CGH;GYN;CGH;2;296;N;Z;ZZ;756,8;247;;9999999999;SAO;1;;
27/06/2019;17/07/2019;23:59;JJ;JOI/CGH/SDU;JOI;CGH;1;297;N;Z;ZZ;372,8;1;;9999999999;SAO;1;;
27/06/2019;19/07/2019;23:59;JJ;JOI/CGH/SDU;CGH;SDU;2;297;N;Z;ZZ;372,8;1;;9999999999;SAO;1;;
27/06/2019;15/07/2019;23:59;G3;SDU/CGH/JOI;SDU;CGH;1;298;N;Z;ZZ;477,61;1;;9999999999;SAO;1;;
27/06/2019;15/07/2019;23:59;G3;SDU/CGH/JOI;CGH;JOI;2;298;N;Z;ZZ;477,61;1;;9999999999;SAO;1;;
27/06/2019;02/07/2019;23:59;G3;CNF/SDU/CNF;CNF;SDU;1;299;N;Z;ZZ;608,64;1;;9999999999;SAO;1;;
27/06/2019;05/07/2019;23:59;G3;CNF/SDU/CNF;SDU;CNF;2;299;N;Z;ZZ;608,64;1;;9999999999;SAO;1;;
26/06/2019;02/07/2019;23:59;JJ;CGH/RAO/CGH;CGH;RAO;1;3;N;Z;ZZ;917,96;1;;9999999999;SAO;1;;
26/06/2019;05/07/2019;23:59;JJ;CGH/RAO/CGH;RAO;CGH;2;3;N;Z;ZZ;917,96;1;;9999999999;SAO;1;;
26/06/2019;12/08/2019;23:59;JJ;GRU/UDI;GRU;UDI;1;30;N;Z;ZZ;95,9;252;;9999999999;SAO;1;;
27/06/2019;01/07/2019;23:59;G3;GRU/JPA/GRU;GRU;JPA;1;300;N;Z;ZZ;1.598,40;1;;9999999999;SAO;1;;
27/06/2019;05/07/2019;23:59;G3;GRU/JPA/GRU;JPA;GRU;2;300;N;Z;ZZ;1.598,40;1;;9999999999;SAO;1;;
27/06/2019;01/07/2019;23:59;G3;CGH/BSB;CGH;BSB;1;301;N;Z;ZZ;1.096,41;1;;9999999999;SAO;1;;
27/06/2019;01/07/2019;23:59;JJ;BSB/CGH;BSB;CGH;1;302;N;Z;ZZ;1.151,66;1;;9999999999;SAO;1;;
27/06/2019;24/07/2019;23:59;JJ;BSB/MCZ/BSB;BSB;MCZ;1;303;N;Z;ZZ;833,67;1;;9999999999;SAO;1;;
27/06/2019;26/07/2019;23:59;JJ;BSB/MCZ/BSB;MCZ;BSB;2;303;N;Z;ZZ;833,67;1;;9999999999;SAO;1;;
27/06/2019;08/07/2019;23:59;JJ;GRU/GYN/CGH;GRU;GYN;1;304;N;Z;ZZ;995,8;247;;9999999999;SAO;1;;
27/06/2019;12/07/2019;23:59;JJ;GRU/GYN/CGH;GYN;CGH;2;304;N;Z;ZZ;995,8;247;;9999999999;SAO;1;;
27/06/2019;02/07/2019;23:59;G3;CGH/SDU/CGH;CGH;SDU;1;305;N;Z;ZZ;932,64;1;;9999999999;SAO;1;;
27/06/2019;05/07/2019;23:59;G3;CGH/SDU/CGH;SDU;CGH;2;305;N;Z;ZZ;932,64;1;;9999999999;SAO;1;;
27/06/2019;08/07/2019;23:59;JJ;CGH/SDU/CGH;CGH;SDU;1;306;N;Z;ZZ;810,72;19;;9999999999;SAO;1;;
27/06/2019;10/07/2019;23:59;JJ;CGH/SDU/CGH;SDU;CGH;2;306;N;Z;ZZ;810,72;19;;9999999999;SAO;1;;
27/06/2019;02/07/2019;23:59;G3;CWB/GIG/SSA/GRU/CWB;CWB;GIG;1;307;N;Z;ZZ;1.375,80;37;;9999999999;SAO;1;;
27/06/2019;02/07/2019;23:59;G3;CWB/GIG/SSA/GRU/CWB;GIG;SSA;2;307;N;Z;ZZ;1.375,80;37;;9999999999;SAO;1;;
27/06/2019;13/07/2019;23:59;G3;CWB/GIG/SSA/GRU/CWB;SSA;GRU;3;307;N;Z;ZZ;1.375,80;37;;9999999999;SAO;1;;
27/06/2019;13/07/2019;23:59;G3;CWB/GIG/SSA/GRU/CWB;GRU;CWB;4;307;N;Z;ZZ;1.375,80;37;;9999999999;SAO;1;;
27/06/2019;27/06/2019;23:59;JJ;CGH/SDU;CGH;SDU;1;308;N;Z;ZZ;0;1;;9999999999;SAO;1;;
27/06/2019;21/07/2019;23:59;G3;SSA/CGH/SSA;SSA;CGH;1;309;N;Z;ZZ;500,2;18;;9999999999;SAO;1;;
27/06/2019;26/07/2019;23:59;G3;SSA/CGH/SSA;CGH;SSA;2;309;N;Z;ZZ;500,2;18;;9999999999;SAO;1;;
26/06/2019;12/08/2019;23:59;AD;UDI/CNF/MOC/CNF/IPN/CNF/GRU;UDI;CNF;1;31;N;Z;ZZ;883,54;252;;9999999999;SAO;1;;
26/06/2019;12/08/2019;23:59;AD;UDI/CNF/MOC/CNF/IPN/CNF/GRU;CNF;MOC;2;31;N;Z;ZZ;883,54;252;;9999999999;SAO;1;;
26/06/2019;13/08/2019;23:59;AD;UDI/CNF/MOC/CNF/IPN/CNF/GRU;MOC;CNF;3;31;N;Z;ZZ;883,54;252;;9999999999;SAO;1;;
26/06/2019;13/08/2019;23:59;AD;UDI/CNF/MOC/CNF/IPN/CNF/GRU;CNF;IPN;4;31;N;Z;ZZ;883,54;252;;9999999999;SAO;1;;
26/06/2019;14/08/2019;23:59;AD;UDI/CNF/MOC/CNF/IPN/CNF/GRU;IPN;CNF;5;31;N;Z;ZZ;883,54;252;;9999999999;SAO;1;;
26/06/2019;16/08/2019;23:59;AD;UDI/CNF/MOC/CNF/IPN/CNF/GRU;CNF;GRU;6;31;N;Z;ZZ;883,54;252;;9999999999;SAO;1;;
27/06/2019;27/06/2019;23:59;G3;BSB/CGH;BSB;CGH;1;310;N;Z;ZZ;206,9;1;;9999999999;SAO;1;;
27/06/2019;01/08/2019;23:59;JJ;CGH/BSB/GYN;CGH;BSB;1;311;N;Z;ZZ;623,9;1;;9999999999;SAO;1;;
27/06/2019;01/08/2019;23:59;JJ;CGH/BSB/GYN;BSB;GYN;2;311;N;Z;ZZ;623,9;1;;9999999999;SAO;1;;
27/06/2019;03/07/2019;23:59;G3;JOI/CGH;JOI;CGH;1;312;N;Z;ZZ;88,9;49;;9999999999;SAO;1;;
27/06/2019;04/07/2019;23:59;JJ;UDI/CGH;UDI;CGH;1;313;N;Z;ZZ;622,9;1;;9999999999;SAO;1;;
27/06/2019;04/07/2019;23:59;AD;SDU/CNF/UDI;SDU;CNF;1;314;N;Z;ZZ;553,41;1;;9999999999;SAO;1;;
27/06/2019;04/07/2019;23:59;AD;SDU/CNF/UDI;CNF;UDI;2;314;N;Z;ZZ;553,41;1;;9999999999;SAO;1;;
27/06/2019;02/07/2019;23:59;G3;GIG/SLZ;GIG;SLZ;1;315;N;Z;ZZ;1.348,26;12;;9999999999;SAO;1;;
27/06/2019;04/07/2019;23:59;G3;JOI/CGH;JOI;CGH;1;316;N;Z;ZZ;75,56;1;;9999999999;SAO;1;;
27/06/2019;01/07/2019;23:59;G3;JOI/CGH;JOI;CGH;1;317;N;Z;ZZ;75,56;1;;9999999999;SAO;1;;
27/06/2019;01/07/2019;23:59;G3;GRU/THE/GRU;GRU;THE;1;318;N;Z;ZZ;1.817,44;1;;9999999999;SAO;1;;
27/06/2019;02/07/2019;23:59;G3;GRU/THE/GRU;THE;GRU;2;318;N;Z;ZZ;1.817,44;1;;9999999999;SAO;1;;
27/06/2019;02/07/2019;23:59;JJ;CGH/SDU/CGH;CGH;SDU;1;319;N;Z;ZZ;1.095,42;56;;9999999999;SAO;1;;
27/06/2019;02/07/2019;23:59;JJ;CGH/SDU/CGH;SDU;CGH;2;319;N;Z;ZZ;1.095,42;56;;9999999999;SAO;1;;
26/06/2019;02/07/2019;23:59;JJ;GRU/BEL;GRU;BEL;1;32;N;Z;ZZ;859,9;58;;9999999999;SAO;1;;
27/06/2019;17/07/2019;23:59;LH;MXP/FRA/CPT;MXP;FRA;1;320;I;Z;ZZ;13.102,16;18;;9999999999;SAO;1;;
27/06/2019;17/07/2019;23:59;LH;MXP/FRA/CPT;FRA;CPT;2;320;I;Z;ZZ;13.102,16;18;;9999999999;SAO;1;;
27/06/2019;03/07/2019;23:59;AD;CWB/MGF/CWB;CWB;MGF;1;321;N;Z;ZZ;719,82;1;;9999999999;SAO;1;;
27/06/2019;04/07/2019;23:59;AD;CWB/MGF/CWB;MGF;CWB;2;321;N;Z;ZZ;719,82;1;;9999999999;SAO;1;;
27/06/2019;03/07/2019;23:59;JJ;CGH/NVT//FLN/CGH;CGH;NVT;1;322;N;Z;ZZ;1.081,34;46;;9999999999;SAO;1;;
27/06/2019;04/07/2019;23:59;JJ;CGH/NVT//FLN/CGH;FLN;CGH;2;322;N;Z;ZZ;1.081,34;46;;9999999999;SAO;1;;
27/06/2019;01/07/2019;23:59;G3;CGH/SDU/CGH;CGH;SDU;1;323;N;Z;ZZ;1.485,80;49;;9999999999;SAO;1;;
27/06/2019;02/07/2019;23:59;G3;CGH/SDU/CGH;SDU;CGH;2;323;N;Z;ZZ;1.485,80;49;;9999999999;SAO;1;;
27/06/2019;03/07/2019;23:59;G3;FOR/GRU;FOR;GRU;1;324;N;Z;ZZ;896,91;14;;9999999999;SAO;1;;
27/06/2019;03/07/2019;23:59;JJ;GRU/FOR;GRU;FOR;1;325;N;Z;ZZ;954,65;14;;9999999999;SAO;1;;
27/06/2019;28/06/2019;23:59;G3;CGH/SDU/CGH;CGH;SDU;1;326;N;Z;ZZ;2.139,80;28;;9999999999;SAO;1;;
27/06/2019;02/07/2019;23:59;G3;CGH/SDU/CGH;SDU;CGH;2;326;N;Z;ZZ;2.139,80;28;;9999999999;SAO;1;;
27/06/2019;19/07/2019;23:59;G3;SLZ/BSB/UDI/BSB/SLZ;SLZ;BSB;1;327;N;Z;ZZ;1.496,02;12;;9999999999;SAO;1;;
27/06/2019;19/07/2019;23:59;G3;SLZ/BSB/UDI/BSB/SLZ;BSB;UDI;2;327;N;Z;ZZ;1.496,02;12;;9999999999;SAO;1;;
27/06/2019;23/07/2019;23:59;G3;SLZ/BSB/UDI/BSB/SLZ;UDI;BSB;3;327;N;Z;ZZ;1.496,02;12;;9999999999;SAO;1;;
27/06/2019;23/07/2019;23:59;G3;SLZ/BSB/UDI/BSB/SLZ;BSB;SLZ;4;327;N;Z;ZZ;1.496,02;12;;9999999999;SAO;1;;
27/06/2019;01/07/2019;23:59;G3;JOI/CGH;JOI;CGH;1;328;N;Z;ZZ;75,56;1;;9999999999;SAO;1;;
27/06/2019;27/06/2019;23:59;AD;SDU/VCP/MCZ/VCP/SDU;SDU;VCP;1;329;N;Z;ZZ;1.878,42;230;;9999999999;SAO;1;;
27/06/2019;27/06/2019;23:59;AD;SDU/VCP/MCZ/VCP/SDU;VCP;MCZ;2;329;N;Z;ZZ;1.878,42;230;;9999999999;SAO;1;;
27/06/2019;01/07/2019;23:59;AD;SDU/VCP/MCZ/VCP/SDU;MCZ;VCP;3;329;N;Z;ZZ;1.878,42;230;;9999999999;SAO;1;;
27/06/2019;01/07/2019;23:59;AD;SDU/VCP/MCZ/VCP/SDU;VCP;SDU;4;329;N;Z;ZZ;1.878,42;230;;9999999999;SAO;1;;
26/06/2019;01/07/2019;23:59;AD;JOI/VCP/SJP;JOI;VCP;1;33;N;Z;ZZ;532,01;1;;9999999999;SAO;1;;
26/06/2019;01/07/2019;23:59;AD;JOI/VCP/SJP;VCP;SJP;2;33;N;Z;ZZ;532,01;1;;9999999999;SAO;1;;
27/06/2019;01/07/2019;23:59;G3;GRU/THE/GRU;GRU;THE;1;330;N;Z;ZZ;1.689,44;1;;9999999999;SAO;1;;
27/06/2019;02/07/2019;23:59;G3;GRU/THE/GRU;THE;GRU;2;330;N;Z;ZZ;1.689,44;1;;9999999999;SAO;1;;
27/06/2019;01/07/2019;23:59;G3;CGH/SDU/CGH;CGH;SDU;1;331;N;Z;ZZ;1.485,80;49;;9999999999;SAO;1;;
27/06/2019;02/07/2019;23:59;G3;CGH/SDU/CGH;SDU;CGH;2;331;N;Z;ZZ;1.485,80;49;;9999999999;SAO;1;;
27/06/2019;01/07/2019;23:59;JJ;CGH/SDU/CGH;CGH;SDU;1;332;N;Z;ZZ;1.204,89;1;;9999999999;SAO;1;;
27/06/2019;01/07/2019;23:59;JJ;CGH/SDU/CGH;SDU;CGH;2;332;N;Z;ZZ;1.204,89;1;;9999999999;SAO;1;;
27/06/2019;04/07/2019;23:59;G3;SDU/CGH;SDU;CGH;1;333;N;Z;ZZ;763,9;81;;9999999999;SAO;1;;
27/06/2019;01/09/2019;23:59;UA;GRU/EWR/BOS/EWR/GRU;GRU;EWR;1;334;I;Z;ZZ;5.524,81;42;;9999999999;SAO;1;;
27/06/2019;02/09/2019;23:59;UA;GRU/EWR/BOS/EWR/GRU;EWR;BOS;2;334;I;Z;ZZ;5.524,81;42;;9999999999;SAO;1;;
27/06/2019;27/09/2019;23:59;UA;GRU/EWR/BOS/EWR/GRU;BOS;EWR;3;334;I;Z;ZZ;5.524,81;42;;9999999999;SAO;1;;
27/06/2019;27/09/2019;23:59;UA;GRU/EWR/BOS/EWR/GRU;EWR;GRU;4;334;I;Z;ZZ;5.524,81;42;;9999999999;SAO;1;;
27/06/2019;01/07/2019;23:59;JJ;IGU/CGH/IGU;IGU;CGH;1;335;N;Z;ZZ;1.542,80;1;;9999999999;SAO;1;;
27/06/2019;05/07/2019;23:59;JJ;IGU/CGH/IGU;CGH;IGU;2;335;N;Z;ZZ;1.542,80;1;;9999999999;SAO;1;;
27/06/2019;03/07/2019;23:59;G3;CGH/LDB/CGH;CGH;LDB;1;336;N;Z;ZZ;591,8;25;;9999999999;SAO;1;;
27/06/2019;05/07/2019;23:59;G3;CGH/LDB/CGH;LDB;CGH;2;336;N;Z;ZZ;591,8;25;;9999999999;SAO;1;;
27/06/2019;24/07/2019;23:59;G3;CWB/GIG/SSA/GIG/CWB;CWB;GIG;1;337;N;Z;ZZ;1.018,24;1;;9999999999;SAO;1;;
27/06/2019;24/07/2019;23:59;G3;CWB/GIG/SSA/GIG/CWB;GIG;SSA;2;337;N;Z;ZZ;1.018,24;1;;9999999999;SAO;1;;
27/06/2019;25/07/2019;23:59;G3;CWB/GIG/SSA/GIG/CWB;SSA;GIG;3;337;N;Z;ZZ;1.018,24;1;;9999999999;SAO;1;;
27/06/2019;25/07/2019;23:59;G3;CWB/GIG/SSA/GIG/CWB;GIG;CWB;4;337;N;Z;ZZ;1.018,24;1;;9999999999;SAO;1;;
27/06/2019;15/07/2019;23:59;AD;RAO/VCP/CAC/VCP/RAO;RAO;VCP;1;338;N;Z;ZZ;1.581,80;1;;9999999999;SAO;1;;
27/06/2019;15/07/2019;23:59;AD;RAO/VCP/CAC/VCP/RAO;VCP;CAC;2;338;N;Z;ZZ;1.581,80;1;;9999999999;SAO;1;;
27/06/2019;19/07/2019;23:59;AD;RAO/VCP/CAC/VCP/RAO;CAC;VCP;3;338;N;Z;ZZ;1.581,80;1;;9999999999;SAO;1;;
27/06/2019;19/07/2019;23:59;AD;RAO/VCP/CAC/VCP/RAO;VCP;RAO;4;338;N;Z;ZZ;1.581,80;1;;9999999999;SAO;1;;
27/06/2019;30/06/2019;23:59;AD;CGH/CNF/CGH;CGH;CNF;1;339;N;Z;ZZ;1.601,80;21;;9999999999;SAO;1;;
27/06/2019;02/07/2019;23:59;AD;CGH/CNF/CGH;CNF;CGH;2;339;N;Z;ZZ;1.601,80;21;;9999999999;SAO;1;;
26/06/2019;05/07/2019;23:59;JJ;SJP/CGH/JOI;SJP;CGH;1;34;N;Z;ZZ;831,3;1;;9999999999;SAO;1;;
26/06/2019;05/07/2019;23:59;JJ;SJP/CGH/JOI;CGH;JOI;2;34;N;Z;ZZ;831,3;1;;9999999999;SAO;1;;
27/06/2019;30/06/2019;23:59;AD;CGH/CNF/CGH;CGH;CNF;1;340;N;Z;ZZ;1.601,80;21;;9999999999;SAO;1;;
27/06/2019;02/07/2019;23:59;AD;CGH/CNF/CGH;CNF;CGH;2;340;N;Z;ZZ;1.601,80;21;;9999999999;SAO;1;;
27/06/2019;02/07/2019;23:59;JJ;GRU/BSB;GRU;BSB;1;341;N;Z;ZZ;852,51;12;;9999999999;SAO;1;;
27/06/2019;02/07/2019;23:59;G3;BSB/GRU;BSB;GRU;1;342;N;Z;ZZ;858,76;12;;9999999999;SAO;1;;
27/06/2019;02/07/2019;23:59;JJ;CGH/CNF;CGH;CNF;1;343;N;Z;ZZ;1.161,81;21;;9999999999;SAO;1;;
27/06/2019;11/07/2019;23:59;JJ;CNF/CGH/CNF;CNF;CGH;1;344;N;Z;ZZ;531,8;251;;9999999999;SAO;1;;
27/06/2019;11/07/2019;23:59;JJ;CNF/CGH/CNF;CGH;CNF;2;344;N;Z;ZZ;531,8;251;;9999999999;SAO;1;;
27/06/2019;28/06/2019;23:59;G3;JOI/CGH;JOI;CGH;1;345;N;Z;ZZ;75,56;1;;9999999999;SAO;1;;
27/06/2019;03/07/2019;23:59;G3;CNF/CGH;CNF;CGH;1;346;N;Z;ZZ;1.010,99;21;;9999999999;SAO;1;;
27/06/2019;02/07/2019;23:59;JJ;CGH/CNF;CGH;CNF;1;347;N;Z;ZZ;1.161,81;21;;9999999999;SAO;1;;
27/06/2019;03/07/2019;23:59;G3;CNF/CGH;CNF;CGH;1;348;N;Z;ZZ;1.010,99;21;;9999999999;SAO;1;;
27/06/2019;14/07/2019;23:59;JJ;GRU/MXP//CDG/GRU;GRU;MXP;1;349;I;Z;ZZ;0;18;;9999999999;SAO;1;;
27/06/2019;24/07/2019;23:59;JJ;GRU/MXP//CDG/GRU;CDG;GRU;2;349;I;Z;ZZ;0;18;;9999999999;SAO;1;;
26/06/2019;22/07/2019;23:59;G3;SDU/BSB/BEL/MCP;SDU;BSB;1;35;N;Z;ZZ;107,95;1;;9999999999;SAO;1;;
26/06/2019;22/07/2019;23:59;G3;SDU/BSB/BEL/MCP;BSB;BEL;2;35;N;Z;ZZ;107,95;1;;9999999999;SAO;1;;
26/06/2019;23/07/2019;23:59;G3;SDU/BSB/BEL/MCP;BEL;MCP;3;35;N;Z;ZZ;107,95;1;;9999999999;SAO;1;;
27/06/2019;22/07/2019;23:59;G3;SDU/CGH/JOI;SDU;CGH;1;350;N;Z;ZZ;355,21;1;;9999999999;SAO;1;;
27/06/2019;22/07/2019;23:59;G3;SDU/CGH/JOI;CGH;JOI;2;350;N;Z;ZZ;355,21;1;;9999999999;SAO;1;;
27/06/2019;24/07/2019;23:59;JJ;JOI/CGH/SDU;JOI;CGH;1;351;N;Z;ZZ;353,8;1;;9999999999;SAO;1;;
27/06/2019;26/07/2019;23:59;JJ;JOI/CGH/SDU;CGH;SDU;2;351;N;Z;ZZ;353,8;1;;9999999999;SAO;1;;
27/06/2019;31/07/2019;23:59;JJ;JOI/CGH/SDU;JOI;CGH;1;352;N;Z;ZZ;353,8;1;;9999999999;SAO;1;;
27/06/2019;02/08/2019;23:59;JJ;JOI/CGH/SDU;CGH;SDU;2;352;N;Z;ZZ;353,8;1;;9999999999;SAO;1;;
27/06/2019;29/07/2019;23:59;G3;SDU/CGH/JOI;SDU;CGH;1;353;N;Z;ZZ;272,76;1;;9999999999;SAO;1;;
27/06/2019;29/07/2019;23:59;G3;SDU/CGH/JOI;CGH;JOI;2;353;N;Z;ZZ;272,76;1;;9999999999;SAO;1;;
27/06/2019;01/07/2019;23:59;G3;CGH/BSB/CGH;CGH;BSB;1;354;N;Z;ZZ;2.067,84;1;;9999999999;SAO;1;;
27/06/2019;02/07/2019;23:59;G3;CGH/BSB/CGH;BSB;CGH;2;354;N;Z;ZZ;2.067,84;1;;9999999999;SAO;1;;
27/06/2019;11/07/2019;23:59;G3;CWB/CGH/IGU/GRU/CWB;CWB;CGH;1;355;N;Z;ZZ;599,8;65;;9999999999;SAO;1;;
27/06/2019;11/07/2019;23:59;G3;CWB/CGH/IGU/GRU/CWB;CGH;IGU;2;355;N;Z;ZZ;599,8;65;;9999999999;SAO;1;;
27/06/2019;02/08/2019;23:59;G3;CWB/CGH/IGU/GRU/CWB;IGU;GRU;3;355;N;Z;ZZ;599,8;65;;9999999999;SAO;1;;
27/06/2019;02/08/2019;23:59;G3;CWB/CGH/IGU/GRU/CWB;GRU;CWB;4;355;N;Z;ZZ;599,8;65;;9999999999;SAO;1;;
27/06/2019;01/07/2019;23:59;JJ;SDU/BSB/CGH;SDU;BSB;1;356;N;Z;ZZ;2.199,00;1;;9999999999;SAO;1;;
27/06/2019;01/07/2019;23:59;JJ;SDU/BSB/CGH;BSB;CGH;2;356;N;Z;ZZ;2.199,00;1;;9999999999;SAO;1;;
27/06/2019;05/07/2019;23:59;AD;CGB/OPS;CGB;OPS;1;357;N;Z;ZZ;439,9;1;;9999999999;SAO;1;;
27/06/2019;29/06/2019;23:59;AD;SSA/REC/NAT;SSA;REC;1;358;N;Z;ZZ;531,16;1;;9999999999;SAO;1;;
27/06/2019;29/06/2019;23:59;AD;SSA/REC/NAT;REC;NAT;2;358;N;Z;ZZ;531,16;1;;9999999999;SAO;1;;
27/06/2019;27/06/2019;23:59;JJ;NAT/BSB/SSA;NAT;BSB;1;359;N;Z;ZZ;810,9;1;;9999999999;SAO;1;;
27/06/2019;27/06/2019;23:59;JJ;NAT/BSB/SSA;BSB;SSA;2;359;N;Z;ZZ;810,9;1;;9999999999;SAO;1;;
26/06/2019;12/07/2019;23:59;G3;GRU/FOR;GRU;FOR;1;36;N;Z;ZZ;551,56;1;;9999999999;SAO;1;;
27/06/2019;02/07/2019;23:59;G3;CGH/BSB;CGH;BSB;1;360;N;Z;ZZ;1.205,86;12;;9999999999;SAO;1;;
27/06/2019;02/07/2019;23:59;JJ;BSB/CGH;BSB;CGH;1;361;N;Z;ZZ;1.178,76;12;;9999999999;SAO;1;;
26/06/2019;12/07/2019;23:59;G3;CGH/VIX/CGH;CGH;VIX;1;362;N;Z;ZZ;659,04;1;;9999999999;SAO;1;;
26/06/2019;15/07/2019;23:59;G3;CGH/VIX/CGH;VIX;CGH;2;362;N;Z;ZZ;659,04;1;;9999999999;SAO;1;;
27/06/2019;07/07/2019;23:59;AD;CNF/CKS/CNF;CNF;CKS;1;363;N;Z;ZZ;1.681,80;30;;9999999999;SAO;1;;
27/06/2019;14/07/2019;23:59;AD;CNF/CKS/CNF;CKS;CNF;2;363;N;Z;ZZ;1.681,80;30;;9999999999;SAO;1;;
27/06/2019;04/07/2019;23:59;G3;CGH/CXJ/CGH;CGH;CXJ;1;364;N;Z;ZZ;640;1;;9999999999;SAO;1;;
27/06/2019;04/07/2019;23:59;G3;CGH/CXJ/CGH;CXJ;CGH;2;364;N;Z;ZZ;640;1;;9999999999;SAO;1;;
27/06/2019;15/07/2019;23:59;G3;BEL/ITB;BEL;ITB;1;365;N;Z;ZZ;1.099,90;1;;9999999999;SAO;1;;
27/06/2019;17/07/2019;23:59;G3;ITB/BEL;ITB;BEL;1;366;N;Z;ZZ;1.099,90;1;;9999999999;SAO;1;;
27/06/2019;15/07/2019;23:59;G3;BEL/ITB;BEL;ITB;1;367;N;Z;ZZ;1.099,90;1;;9999999999;SAO;1;;
27/06/2019;15/07/2019;23:59;G3;ITB/BEL;ITB;BEL;1;368;N;Z;ZZ;1.099,90;1;;9999999999;SAO;1;;
27/06/2019;04/07/2019;23:59;G3;SDU/CGH/CXJ/CGH;SDU;CGH;1;369;N;Z;ZZ;1.300,32;1;;9999999999;SAO;1;;
27/06/2019;04/07/2019;23:59;G3;SDU/CGH/CXJ/CGH;CGH;CXJ;2;369;N;Z;ZZ;1.300,32;1;;9999999999;SAO;1;;
27/06/2019;04/07/2019;23:59;G3;SDU/CGH/CXJ/CGH;CXJ;CGH;3;369;N;Z;ZZ;1.300,32;1;;9999999999;SAO;1;;
26/06/2019;10/07/2019;23:59;AD;FOR/GRU;FOR;GRU;1;37;N;Z;ZZ;434,84;1;;9999999999;SAO;1;;
26/06/2019;01/07/2019;23:59;AD;FOR/THE/FOR;FOR;THE;1;370;N;Z;ZZ;407,45;1;;9999999999;SAO;1;;
26/06/2019;03/07/2019;23:59;AD;FOR/THE/FOR;THE;FOR;2;370;N;Z;ZZ;407,45;1;;9999999999;SAO;1;;
26/06/2019;01/07/2019;23:59;G3;NAT/FOR;NAT;FOR;1;371;N;Z;ZZ;206,55;1;;9999999999;SAO;1;;
26/06/2019;03/07/2019;23:59;JJ;FOR/NAT;FOR;NAT;1;372;N;Z;ZZ;135,13;1;;9999999999;SAO;1;;
26/06/2019;02/07/2019;23:59;G3;GRU/CNF/GRU;GRU;CNF;1;373;N;Z;ZZ;1.516,84;17;;9999999999;SAO;1;;
26/06/2019;03/07/2019;23:59;G3;GRU/CNF/GRU;CNF;GRU;2;373;N;Z;ZZ;1.516,84;17;;9999999999;SAO;1;;
26/06/2019;06/07/2019;23:59;JJ;VDC/GRU/PVH;VDC;GRU;1;374;N;Z;ZZ;2.044,90;12;;9999999999;SAO;1;;
26/06/2019;06/07/2019;23:59;JJ;VDC/GRU/PVH;GRU;PVH;2;374;N;Z;ZZ;2.044,90;12;;9999999999;SAO;1;;
26/06/2019;14/07/2019;23:59;AD;PVH/CNF/VDC;PVH;CNF;1;375;N;Z;ZZ;1.037,90;12;;9999999999;SAO;1;;
26/06/2019;14/07/2019;23:59;AD;PVH/CNF/VDC;CNF;VDC;2;375;N;Z;ZZ;1.037,90;12;;9999999999;SAO;1;;
26/06/2019;14/07/2019;23:59;2Z;GRU/VDC;GRU;VDC;1;376;N;Z;ZZ;741,51;12;;9999999999;SAO;1;;
26/06/2019;06/07/2019;23:59;G3;CNF/CGH/PPB;CNF;CGH;1;377;N;Z;ZZ;645,16;12;;9999999999;SAO;1;;
26/06/2019;06/07/2019;23:59;G3;CNF/CGH/PPB;CGH;PPB;2;377;N;Z;ZZ;645,16;12;;9999999999;SAO;1;;
26/06/2019;01/07/2019;23:59;AD;VCP/CGB//OPS/VCP;VCP;CGB;1;378;N;Z;ZZ;690,2;1;;9999999999;SAO;1;;
26/06/2019;04/07/2019;23:59;AD;VCP/CGB//OPS/VCP;OPS;VCP;2;378;N;Z;ZZ;690,2;1;;9999999999;SAO;1;;
26/06/2019;12/07/2019;23:59;JJ;LDB/CGH/POA;LDB;CGH;1;379;N;Z;ZZ;247,35;1;;9999999999;SAO;1;;
26/06/2019;12/07/2019;23:59;JJ;LDB/CGH/POA;CGH;POA;2;379;N;Z;ZZ;247,35;1;;9999999999;SAO;1;;
26/06/2019;26/06/2019;23:59;AD;BEL/PVH;BEL;PVH;1;38;N;Z;ZZ;1.244,09;1;;9999999999;SAO;1;;
26/06/2019;08/07/2019;23:59;G3;POA/CWB;POA;CWB;1;380;N;Z;ZZ;549,86;1;;9999999999;SAO;1;;
26/06/2019;27/06/2019;23:59;JJ;BSB/CGB;BSB;CGB;1;381;N;Z;ZZ;795,09;12;;9999999999;SAO;1;;
26/06/2019;08/07/2019;23:59;AD;GRU/FOR;GRU;FOR;1;382;N;Z;ZZ;536,93;1;;9999999999;SAO;1;;
26/06/2019;07/07/2019;23:59;G3;GRU/NAT/SSA/CGH;GRU;NAT;1;383;N;Z;ZZ;1.544,18;1;;9999999999;SAO;1;;
26/06/2019;09/07/2019;23:59;G3;GRU/NAT/SSA/CGH;NAT;SSA;2;383;N;Z;ZZ;1.544,18;1;;9999999999;SAO;1;;
26/06/2019;11/07/2019;23:59;G3;GRU/NAT/SSA/CGH;SSA;CGH;3;383;N;Z;ZZ;1.544,18;1;;9999999999;SAO;1;;
26/06/2019;26/06/2019;23:59;G3;GIG/CGH;GIG;CGH;1;384;N;Z;ZZ;786,9;25;;9999999999;SAO;1;;
26/06/2019;28/06/2019;23:59;G3;JPA/GRU;JPA;GRU;1;385;N;Z;ZZ;869,13;248;;9999999999;SAO;1;;
26/06/2019;28/06/2019;23:59;G3;JPA/GRU;JPA;GRU;1;386;N;Z;ZZ;926,46;248;;9999999999;SAO;1;;
26/06/2019;28/06/2019;23:59;G3;JPA/GRU;JPA;GRU;1;387;N;Z;ZZ;926,46;248;;9999999999;SAO;1;;
26/06/2019;05/07/2019;23:59;JJ;CGH/SSA/CGH;CGH;SSA;1;388;N;Z;ZZ;1.183,20;18;;9999999999;SAO;1;;
26/06/2019;06/07/2019;23:59;JJ;CGH/SSA/CGH;SSA;CGH;2;388;N;Z;ZZ;1.183,20;18;;9999999999;SAO;1;;
27/06/2019;02/07/2019;23:59;AD;MCP/CNF/CGH;MCP;CNF;1;389;N;Z;ZZ;1.624,90;12;;9999999999;SAO;1;;
27/06/2019;02/07/2019;23:59;AD;MCP/CNF/CGH;CNF;CGH;2;389;N;Z;ZZ;1.624,90;12;;9999999999;SAO;1;;
26/06/2019;29/06/2019;23:59;G3;PVH/BSB/BEL;PVH;BSB;1;39;N;Z;ZZ;1.385,41;1;;9999999999;SAO;1;;
26/06/2019;29/06/2019;23:59;G3;PVH/BSB/BEL;BSB;BEL;2;39;N;Z;ZZ;1.385,41;1;;9999999999;SAO;1;;
27/06/2019;01/07/2019;23:59;JJ;CGH/BSB/MCP;CGH;BSB;1;390;N;Z;ZZ;1.302,39;12;;9999999999;SAO;1;;
27/06/2019;01/07/2019;23:59;JJ;CGH/BSB/MCP;BSB;MCP;2;390;N;Z;ZZ;1.302,39;12;;9999999999;SAO;1;;
27/06/2019;28/06/2019;23:59;G3;CGH/GIG//SDU/CGH;CGH;GIG;1;391;N;Z;ZZ;1.091,04;1;;9999999999;SAO;1;;
27/06/2019;30/06/2019;23:59;G3;CGH/GIG//SDU/CGH;SDU;CGH;2;391;N;Z;ZZ;1.091,04;1;;9999999999;SAO;1;;
27/06/2019;03/07/2019;23:59;AD;REC/SSA;REC;SSA;1;392;N;Z;ZZ;769,9;25;;9999999999;SAO;1;;
27/06/2019;28/06/2019;23:59;G3;CGH/GIG//SDU/CGH;CGH;GIG;1;393;N;Z;ZZ;1.091,04;1;;9999999999;SAO;1;;
27/06/2019;30/06/2019;23:59;G3;CGH/GIG//SDU/CGH;SDU;CGH;2;393;N;Z;ZZ;1.091,04;1;;9999999999;SAO;1;;
27/06/2019;03/07/2019;23:59;JJ;CGH/CNF;CGH;CNF;1;394;N;Z;ZZ;624,9;1;;9999999999;SAO;1;;
27/06/2019;03/07/2019;23:59;G3;CNF/CGH;CNF;CGH;1;395;N;Z;ZZ;934,06;1;;9999999999;SAO;1;;
27/06/2019;01/07/2019;23:59;JJ;BSB/CGB/BSB;BSB;CGB;1;396;N;Z;ZZ;861,12;12;;9999999999;SAO;1;;
27/06/2019;04/07/2019;23:59;JJ;BSB/CGB/BSB;CGB;BSB;2;396;N;Z;ZZ;861,12;12;;9999999999;SAO;1;;
27/06/2019;12/07/2019;23:59;G3;CGH/POA;CGH;POA;1;397;N;Z;ZZ;458,91;1;;9999999999;SAO;1;;
27/06/2019;08/07/2019;23:59;AD;POA/NVT;POA;NVT;1;398;N;Z;ZZ;197,91;1;;9999999999;SAO;1;;
27/06/2019;02/07/2019;23:59;CM;GRU/PTY/GRU;GRU;PTY;1;399;I;Z;ZZ;1.233,23;244;;9999999999;SAO;1;;
27/06/2019;10/07/2019;23:59;CM;GRU/PTY/GRU;PTY;GRU;2;399;I;Z;ZZ;1.233,23;244;;9999999999;SAO;1;;
26/06/2019;03/07/2019;23:59;JJ;CGH/SDU/CGH;CGH;SDU;1;4;N;Z;ZZ;719,02;1;;9999999999;SAO;1;;
26/06/2019;04/07/2019;23:59;JJ;CGH/SDU/CGH;SDU;CGH;2;4;N;Z;ZZ;719,02;1;;9999999999;SAO;1;;
26/06/2019;09/07/2019;23:59;G3;CGH/VIX;CGH;VIX;1;40;N;Z;ZZ;328,86;1;;9999999999;SAO;1;;
26/06/2019;10/07/2019;23:59;JJ;VIX/CGH;VIX;CGH;1;41;N;Z;ZZ;269,9;1;;9999999999;SAO;1;;
26/06/2019;17/07/2019;23:59;G3;CGH/VIX;CGH;VIX;1;42;N;Z;ZZ;168,21;1;;9999999999;SAO;1;;
26/06/2019;17/07/2019;23:59;JJ;VIX/CGH;VIX;CGH;1;43;N;Z;ZZ;386,9;1;;9999999999;SAO;1;;
26/06/2019;24/07/2019;23:59;G3;MCP/BEL;MCP;BEL;1;44;N;Z;ZZ;8,17;1;;9999999999;SAO;1;;
26/06/2019;26/07/2019;23:59;G3;BEL/GIG;BEL;GIG;1;45;N;Z;ZZ;51,85;1;;9999999999;SAO;1;;
26/06/2019;03/07/2019;23:59;G3;BEL/ITB;BEL;ITB;1;46;N;Z;ZZ;1.099,90;58;;9999999999;SAO;1;;
26/06/2019;04/07/2019;23:59;JJ;FOR/GRU;FOR;GRU;1;47;N;Z;ZZ;798,9;1;;9999999999;SAO;1;;
26/06/2019;10/07/2019;23:59;G3;CGH/SSA/CGH;CGH;SSA;1;48;N;Z;ZZ;768;1;;9999999999;SAO;1;;
26/06/2019;11/07/2019;23:59;G3;CGH/SSA/CGH;SSA;CGH;2;48;N;Z;ZZ;768;1;;9999999999;SAO;1;;
26/06/2019;01/07/2019;23:59;G3;CGH/BSB/MAB/BSB/CGH;CGH;BSB;1;49;N;Z;ZZ;1.564,76;12;;9999999999;SAO;1;;
26/06/2019;01/07/2019;23:59;G3;CGH/BSB/MAB/BSB/CGH;BSB;MAB;2;49;N;Z;ZZ;1.564,76;12;;9999999999;SAO;1;;
26/06/2019;04/07/2019;23:59;G3;CGH/BSB/MAB/BSB/CGH;MAB;BSB;3;49;N;Z;ZZ;1.564,76;12;;9999999999;SAO;1;;
26/06/2019;04/07/2019;23:59;G3;CGH/BSB/MAB/BSB/CGH;BSB;CGH;4;49;N;Z;ZZ;1.564,76;12;;9999999999;SAO;1;;
26/06/2019;05/08/2019;23:59;JJ;SDU/CGH/SDU;SDU;CGH;1;5;N;Z;ZZ;678,8;15;;9999999999;SAO;1;;
26/06/2019;05/08/2019;23:59;JJ;SDU/CGH/SDU;CGH;SDU;2;5;N;Z;ZZ;678,8;15;;9999999999;SAO;1;;
26/06/2019;19/07/2019;23:59;JJ;BPS/CNF/CGH;BPS;CNF;1;50;N;Z;ZZ;673;247;;9999999999;SAO;1;;
26/06/2019;19/07/2019;23:59;JJ;BPS/CNF/CGH;CNF;CGH;2;50;N;Z;ZZ;673;247;;9999999999;SAO;1;;
26/06/2019;15/07/2019;23:59;AD;GRU/SSA/BPS;GRU;SSA;1;51;N;Z;ZZ;638,9;247;;9999999999;SAO;1;;
26/06/2019;15/07/2019;23:59;AD;GRU/SSA/BPS;SSA;BPS;2;51;N;Z;ZZ;638,9;247;;9999999999;SAO;1;;
26/06/2019;08/08/2019;23:59;G3;VIX/SDU;VIX;SDU;1;52;N;Z;ZZ;225,31;15;;9999999999;SAO;1;;
26/06/2019;06/08/2019;23:59;JJ;CGH/VIX;CGH;VIX;1;53;N;Z;ZZ;217,9;15;;9999999999;SAO;1;;
26/06/2019;22/07/2019;23:59;G3;SDU/BSB/BEL/MCP/BEL/BSB/GIG;SDU;BSB;1;54;N;Z;ZZ;0;1;;9999999999;SAO;1;;
26/06/2019;22/07/2019;23:59;G3;SDU/BSB/BEL/MCP/BEL/BSB/GIG;BSB;BEL;2;54;N;Z;ZZ;0;1;;9999999999;SAO;1;;
26/06/2019;23/07/2019;23:59;G3;SDU/BSB/BEL/MCP/BEL/BSB/GIG;BEL;MCP;3;54;N;Z;ZZ;0;1;;9999999999;SAO;1;;
26/06/2019;25/07/2019;23:59;G3;SDU/BSB/BEL/MCP/BEL/BSB/GIG;MCP;BEL;4;54;N;Z;ZZ;0;1;;9999999999;SAO;1;;
26/06/2019;25/07/2019;23:59;G3;SDU/BSB/BEL/MCP/BEL/BSB/GIG;BEL;BSB;5;54;N;Z;ZZ;0;1;;9999999999;SAO;1;;
26/06/2019;25/07/2019;23:59;G3;SDU/BSB/BEL/MCP/BEL/BSB/GIG;BSB;GIG;6;54;N;Z;ZZ;0;1;;9999999999;SAO;1;;
26/06/2019;22/07/2019;23:59;G3;SDU/BSB/BEL/MCP/BEL/BSB/GIG;SDU;BSB;1;55;N;Z;ZZ;0;1;;9999999999;SAO;1;;
26/06/2019;22/07/2019;23:59;G3;SDU/BSB/BEL/MCP/BEL/BSB/GIG;BSB;BEL;2;55;N;Z;ZZ;0;1;;9999999999;SAO;1;;
26/06/2019;23/07/2019;23:59;G3;SDU/BSB/BEL/MCP/BEL/BSB/GIG;BEL;MCP;3;55;N;Z;ZZ;0;1;;9999999999;SAO;1;;
26/06/2019;25/07/2019;23:59;G3;SDU/BSB/BEL/MCP/BEL/BSB/GIG;MCP;BEL;4;55;N;Z;ZZ;0;1;;9999999999;SAO;1;;
26/06/2019;25/07/2019;23:59;G3;SDU/BSB/BEL/MCP/BEL/BSB/GIG;BEL;BSB;5;55;N;Z;ZZ;0;1;;9999999999;SAO;1;;
26/06/2019;25/07/2019;23:59;G3;SDU/BSB/BEL/MCP/BEL/BSB/GIG;BSB;GIG;6;55;N;Z;ZZ;0;1;;9999999999;SAO;1;;
26/06/2019;22/07/2019;23:59;G3;SDU/BSB/BEL/MCP/BEL/BSB/GIG;SDU;BSB;1;56;N;Z;ZZ;0;1;;9999999999;SAO;1;;
26/06/2019;22/07/2019;23:59;G3;SDU/BSB/BEL/MCP/BEL/BSB/GIG;BSB;BEL;2;56;N;Z;ZZ;0;1;;9999999999;SAO;1;;
26/06/2019;23/07/2019;23:59;G3;SDU/BSB/BEL/MCP/BEL/BSB/GIG;BEL;MCP;3;56;N;Z;ZZ;0;1;;9999999999;SAO;1;;
26/06/2019;25/07/2019;23:59;G3;SDU/BSB/BEL/MCP/BEL/BSB/GIG;MCP;BEL;4;56;N;Z;ZZ;0;1;;9999999999;SAO;1;;
26/06/2019;25/07/2019;23:59;G3;SDU/BSB/BEL/MCP/BEL/BSB/GIG;BEL;BSB;5;56;N;Z;ZZ;0;1;;9999999999;SAO;1;;
26/06/2019;25/07/2019;23:59;G3;SDU/BSB/BEL/MCP/BEL/BSB/GIG;BSB;GIG;6;56;N;Z;ZZ;0;1;;9999999999;SAO;1;;
26/06/2019;22/07/2019;23:59;AD;BEL/MCP/BEL;BEL;MCP;1;57;N;Z;ZZ;590,93;1;;9999999999;SAO;1;;
26/06/2019;25/07/2019;23:59;AD;BEL/MCP/BEL;MCP;BEL;2;57;N;Z;ZZ;590,93;1;;9999999999;SAO;1;;
26/06/2019;08/07/2019;23:59;AD;GYN/CNF/GYN;GYN;CNF;1;58;N;Z;ZZ;1.623,42;1;;9999999999;SAO;1;;
26/06/2019;12/07/2019;23:59;AD;GYN/CNF/GYN;CNF;GYN;2;58;N;Z;ZZ;1.623,42;1;;9999999999;SAO;1;;
26/06/2019;02/07/2019;23:59;JJ;SDU/CGH/SDU/CGH/SDU;SDU;CGH;1;59;N;Z;ZZ;1.897,58;31;;9999999999;SAO;1;;
26/06/2019;04/07/2019;23:59;JJ;SDU/CGH/SDU/CGH/SDU;CGH;SDU;2;59;N;Z;ZZ;1.897,58;31;;9999999999;SAO;1;;
26/06/2019;10/07/2019;23:59;JJ;SDU/CGH/SDU/CGH/SDU;SDU;CGH;3;59;N;Z;ZZ;1.897,58;31;;9999999999;SAO;1;;
26/06/2019;12/07/2019;23:59;JJ;SDU/CGH/SDU/CGH/SDU;CGH;SDU;4;59;N;Z;ZZ;1.897,58;31;;9999999999;SAO;1;;
26/06/2019;02/07/2019;23:59;G3;JPA/GRU//CGH/FOR;JPA;GRU;1;6;N;Z;ZZ;1.719,46;1;;9999999999;SAO;1;;
26/06/2019;04/07/2019;23:59;G3;JPA/GRU//CGH/FOR;CGH;FOR;2;6;N;Z;ZZ;1.719,46;1;;9999999999;SAO;1;;
26/06/2019;06/08/2019;23:59;JJ;SDU/CGH/SDU;SDU;CGH;1;60;N;Z;ZZ;505,8;31;;9999999999;SAO;1;;
26/06/2019;08/08/2019;23:59;JJ;SDU/CGH/SDU;CGH;SDU;2;60;N;Z;ZZ;505,8;31;;9999999999;SAO;1;;
26/06/2019;07/07/2019;23:59;JJ;GRU/MEX/GRU;GRU;MEX;1;61;I;Z;ZZ;4.462,29;31;;9999999999;SAO;1;;
26/06/2019;11/07/2019;23:59;JJ;GRU/MEX/GRU;MEX;GRU;2;61;I;Z;ZZ;4.462,29;31;;9999999999;SAO;1;;
26/06/2019;05/07/2019;23:59;G3;CGH/CWB/CGH;CGH;CWB;1;62;N;Z;ZZ;534,24;1;;9999999999;SAO;1;;
26/06/2019;07/07/2019;23:59;G3;CGH/CWB/CGH;CWB;CGH;2;62;N;Z;ZZ;534,24;1;;9999999999;SAO;1;;
26/06/2019;03/07/2019;23:59;G3;VCP/GIG/VCP;VCP;GIG;1;63;N;Z;ZZ;1.099,80;52;;9999999999;SAO;1;;
26/06/2019;04/07/2019;23:59;G3;VCP/GIG/VCP;GIG;VCP;2;63;N;Z;ZZ;1.099,80;52;;9999999999;SAO;1;;
26/06/2019;15/07/2019;23:59;JJ;POA/CGH/POA;POA;CGH;1;64;N;Z;ZZ;785,8;41;;9999999999;SAO;1;;
26/06/2019;18/07/2019;23:59;JJ;POA/CGH/POA;CGH;POA;2;64;N;Z;ZZ;785,8;41;;9999999999;SAO;1;;
26/06/2019;27/06/2019;23:59;AD;BEL/MCP;BEL;MCP;1;65;N;Z;ZZ;525,31;1;;9999999999;SAO;1;;
26/06/2019;01/07/2019;23:59;JJ;CGH/CGB/CGH;CGH;CGB;1;66;N;Z;ZZ;1.951,80;1;;9999999999;SAO;1;;
26/06/2019;03/07/2019;23:59;JJ;CGH/CGB/CGH;CGB;CGH;2;66;N;Z;ZZ;1.951,80;1;;9999999999;SAO;1;;
26/06/2019;11/07/2019;23:59;G3;CGH/SDU/CGH;CGH;SDU;1;67;N;Z;ZZ;609,44;1;;9999999999;SAO;1;;
26/06/2019;11/07/2019;23:59;G3;CGH/SDU/CGH;SDU;CGH;2;67;N;Z;ZZ;609,44;1;;9999999999;SAO;1;;
26/06/2019;03/07/2019;23:59;AR;EZE/SCL/EZE;EZE;SCL;1;68;I;Z;ZZ;712,43;31;;9999999999;SAO;1;;
26/06/2019;05/07/2019;23:59;AR;EZE/SCL/EZE;SCL;EZE;2;68;I;Z;ZZ;712,43;31;;9999999999;SAO;1;;
26/06/2019;27/06/2019;23:59;AD;UDI/VCP/JJG;UDI;VCP;1;69;N;Z;ZZ;1.044,90;248;;9999999999;SAO;1;;
26/06/2019;27/06/2019;23:59;AD;UDI/VCP/JJG;VCP;JJG;2;69;N;Z;ZZ;1.044,90;248;;9999999999;SAO;1;;
26/06/2019;02/07/2019;23:59;JJ;CGH/BSB/CGH;CGH;BSB;1;7;N;Z;ZZ;2.172,80;175;;9999999999;SAO;1;;
26/06/2019;02/07/2019;23:59;JJ;CGH/BSB/CGH;BSB;CGH;2;7;N;Z;ZZ;2.172,80;175;;9999999999;SAO;1;;
26/06/2019;30/06/2019;23:59;AD;RAO/VCP/CAC/VCP/RAO;RAO;VCP;1;70;N;Z;ZZ;2.495,80;1;;9999999999;SAO;1;;
26/06/2019;30/06/2019;23:59;AD;RAO/VCP/CAC/VCP/RAO;VCP;CAC;2;70;N;Z;ZZ;2.495,80;1;;9999999999;SAO;1;;
26/06/2019;02/07/2019;23:59;AD;RAO/VCP/CAC/VCP/RAO;CAC;VCP;3;70;N;Z;ZZ;2.495,80;1;;9999999999;SAO;1;;
26/06/2019;02/07/2019;23:59;AD;RAO/VCP/CAC/VCP/RAO;VCP;RAO;4;70;N;Z;ZZ;2.495,80;1;;9999999999;SAO;1;;
26/06/2019;03/07/2019;23:59;JJ;CGH/SDU/CGH;CGH;SDU;1;71;N;Z;ZZ;719,02;1;;9999999999;SAO;1;;
26/06/2019;04/07/2019;23:59;JJ;CGH/SDU/CGH;SDU;CGH;2;71;N;Z;ZZ;719,02;1;;9999999999;SAO;1;;
26/06/2019;29/06/2019;23:59;AD;VIX/CNF/BEL;VIX;CNF;1;72;N;Z;ZZ;1.262,16;1;;9999999999;SAO;1;;
26/06/2019;29/06/2019;23:59;AD;VIX/CNF/BEL;CNF;BEL;2;72;N;Z;ZZ;1.262,16;1;;9999999999;SAO;1;;
26/06/2019;16/07/2019;23:59;JJ;GRU/FOR;GRU;FOR;1;73;N;Z;ZZ;754,07;18;;9999999999;SAO;1;;
26/06/2019;18/07/2019;23:59;G3;FOR/GRU;FOR;GRU;1;74;N;Z;ZZ;809,51;18;;9999999999;SAO;1;;
26/06/2019;29/06/2019;23:59;JJ;SDU/BSB/BEL;SDU;BSB;1;75;N;Z;ZZ;1.538,50;1;;9999999999;SAO;1;;
26/06/2019;29/06/2019;23:59;JJ;SDU/BSB/BEL;BSB;BEL;2;75;N;Z;ZZ;1.538,50;1;;9999999999;SAO;1;;
26/06/2019;29/06/2019;23:59;JJ;SDU/BSB/BEL;SDU;BSB;1;76;N;Z;ZZ;1.538,50;1;;9999999999;SAO;1;;
26/06/2019;29/06/2019;23:59;JJ;SDU/BSB/BEL;BSB;BEL;2;76;N;Z;ZZ;1.538,50;1;;9999999999;SAO;1;;
26/06/2019;29/06/2019;23:59;JJ;SDU/BSB/BEL;SDU;BSB;1;77;N;Z;ZZ;1.869,15;1;;9999999999;SAO;1;;
26/06/2019;29/06/2019;23:59;JJ;SDU/BSB/BEL;BSB;BEL;2;77;N;Z;ZZ;1.869,15;1;;9999999999;SAO;1;;
26/06/2019;01/07/2019;23:59;AD;ARU/VCP/REC;ARU;VCP;1;78;N;Z;ZZ;680,9;37;;9999999999;SAO;1;;
26/06/2019;01/07/2019;23:59;AD;ARU/VCP/REC;VCP;REC;2;78;N;Z;ZZ;680,9;37;;9999999999;SAO;1;;
26/06/2019;12/07/2019;23:59;AD;REC/VCP/ARU;REC;VCP;1;79;N;Z;ZZ;863,9;37;;9999999999;SAO;1;;
26/06/2019;12/07/2019;23:59;AD;REC/VCP/ARU;VCP;ARU;2;79;N;Z;ZZ;863,9;37;;9999999999;SAO;1;;
26/06/2019;02/07/2019;23:59;JJ;CGH/BSB/CGH;CGH;BSB;1;8;N;Z;ZZ;2.172,80;175;;9999999999;SAO;1;;
26/06/2019;02/07/2019;23:59;JJ;CGH/BSB/CGH;BSB;CGH;2;8;N;Z;ZZ;2.172,80;175;;9999999999;SAO;1;;
26/06/2019;03/07/2019;23:59;JJ;CGH/SSA/CGH;CGH;SSA;1;80;N;Z;ZZ;1.078,25;238;;9999999999;SAO;1;;
26/06/2019;03/07/2019;23:59;JJ;CGH/SSA/CGH;SSA;CGH;2;80;N;Z;ZZ;1.078,25;238;;9999999999;SAO;1;;
26/06/2019;02/07/2019;23:59;G3;CGB/GRU;CGB;GRU;1;81;N;Z;ZZ;586,41;1;;9999999999;SAO;1;;
26/06/2019;01/07/2019;23:59;JJ;CGH/CGB;CGH;CGB;1;82;N;Z;ZZ;1.017,90;1;;9999999999;SAO;1;;
26/06/2019;03/07/2019;23:59;AD;CWB/POA;CWB;POA;1;83;N;Z;ZZ;754,9;17;;9999999999;SAO;1;;
26/06/2019;02/07/2019;23:59;G3;POA/CWB;POA;CWB;1;84;N;Z;ZZ;695,89;17;;9999999999;SAO;1;;
26/06/2019;08/08/2019;23:59;G3;VIX/SDU;VIX;SDU;1;85;N;Z;ZZ;225,31;15;;9999999999;SAO;1;;
26/06/2019;06/08/2019;23:59;AD;SDU/VIX;SDU;VIX;1;86;N;Z;ZZ;105,07;15;;9999999999;SAO;1;;
26/06/2019;03/07/2019;23:59;G3;REC/CGH;REC;CGH;1;87;N;Z;ZZ;886,46;1;;9999999999;SAO;1;;
26/06/2019;05/07/2019;23:59;AD;GRU/REC;GRU;REC;1;88;N;Z;ZZ;791,91;1;;9999999999;SAO;1;;
26/06/2019;27/06/2019;23:59;JJ;IOS/CGH;IOS;CGH;1;89;N;Z;ZZ;916;248;;9999999999;SAO;1;;
26/06/2019;02/07/2019;23:59;JJ;CGH/BSB/CGH;CGH;BSB;1;9;N;Z;ZZ;2.172,80;175;;9999999999;SAO;1;;
26/06/2019;02/07/2019;23:59;JJ;CGH/BSB/CGH;BSB;CGH;2;9;N;Z;ZZ;2.172,80;175;;9999999999;SAO;1;;
26/06/2019;09/07/2019;23:59;JJ;REC/GRU//CGH/JOI;REC;GRU;1;90;N;Z;ZZ;774,35;1;;9999999999;SAO;1;;
26/06/2019;09/07/2019;23:59;JJ;REC/GRU//CGH/JOI;CGH;JOI;2;90;N;Z;ZZ;774,35;1;;9999999999;SAO;1;;
26/06/2019;12/07/2019;23:59;G3;JOI/CGH/REC;JOI;CGH;1;91;N;Z;ZZ;780,21;1;;9999999999;SAO;1;;
26/06/2019;12/07/2019;23:59;G3;JOI/CGH/REC;CGH;REC;2;91;N;Z;ZZ;780,21;1;;9999999999;SAO;1;;
26/06/2019;26/06/2019;23:59;G3;VIX/CGH;VIX;CGH;1;92;N;Z;ZZ;516,6;12;;9999999999;SAO;1;;
26/06/2019;27/07/2019;23:59;G3;CWB/CGH/CLV;CWB;CGH;1;93;N;Z;ZZ;783,78;248;;9999999999;SAO;1;;
26/06/2019;27/07/2019;23:59;G3;CWB/CGH/CLV;CGH;CLV;2;93;N;Z;ZZ;783,78;248;;9999999999;SAO;1;;
26/06/2019;27/06/2019;23:59;G3;CGH/REC/CGH;CGH;REC;1;94;N;Z;ZZ;2.560,64;1;;9999999999;SAO;1;;
26/06/2019;28/06/2019;23:59;G3;CGH/REC/CGH;REC;CGH;2;94;N;Z;ZZ;2.560,64;1;;9999999999;SAO;1;;
26/06/2019;08/07/2019;23:59;AD;GRU/POA/PET/POA/GRU;GRU;POA;1;95;N;Z;ZZ;1.401,80;247;;9999999999;SAO;1;;
26/06/2019;08/07/2019;23:59;AD;GRU/POA/PET/POA/GRU;POA;PET;2;95;N;Z;ZZ;1.401,80;247;;9999999999;SAO;1;;
26/06/2019;12/07/2019;23:59;AD;GRU/POA/PET/POA/GRU;PET;POA;3;95;N;Z;ZZ;1.401,80;247;;9999999999;SAO;1;;
26/06/2019;12/07/2019;23:59;AD;GRU/POA/PET/POA/GRU;POA;GRU;4;95;N;Z;ZZ;1.401,80;247;;9999999999;SAO;1;;
26/06/2019;15/07/2019;23:59;AD;GRU/POA/PET/POA/FLN/GRU;GRU;POA;1;96;N;Z;ZZ;1.458,80;247;;9999999999;SAO;1;;
26/06/2019;15/07/2019;23:59;AD;GRU/POA/PET/POA/FLN/GRU;POA;PET;2;96;N;Z;ZZ;1.458,80;247;;9999999999;SAO;1;;
26/06/2019;19/07/2019;23:59;AD;GRU/POA/PET/POA/FLN/GRU;PET;POA;3;96;N;Z;ZZ;1.458,80;247;;9999999999;SAO;1;;
26/06/2019;19/07/2019;23:59;AD;GRU/POA/PET/POA/FLN/GRU;POA;FLN;4;96;N;Z;ZZ;1.458,80;247;;9999999999;SAO;1;;
26/06/2019;19/07/2019;23:59;AD;GRU/POA/PET/POA/FLN/GRU;FLN;GRU;5;96;N;Z;ZZ;1.458,80;247;;9999999999;SAO;1;;
26/06/2019;08/07/2019;23:59;AD;VIX/VCP/ARU/VCP/VIX;VIX;VCP;1;97;N;Z;ZZ;877,8;37;;9999999999;SAO;1;;
26/06/2019;08/07/2019;23:59;AD;VIX/VCP/ARU/VCP/VIX;VCP;ARU;2;97;N;Z;ZZ;877,8;37;;9999999999;SAO;1;;
26/06/2019;12/07/2019;23:59;AD;VIX/VCP/ARU/VCP/VIX;ARU;VCP;3;97;N;Z;ZZ;877,8;37;;9999999999;SAO;1;;
26/06/2019;12/07/2019;23:59;AD;VIX/VCP/ARU/VCP/VIX;VCP;VIX;4;97;N;Z;ZZ;877,8;37;;9999999999;SAO;1;;
26/06/2019;03/07/2019;23:59;G3;CGH/BSB/THE;CGH;BSB;1;98;N;Z;ZZ;824,41;1;;9999999999;SAO;1;;
26/06/2019;03/07/2019;23:59;G3;CGH/BSB/THE;BSB;THE;2;98;N;Z;ZZ;824,41;1;;9999999999;SAO;1;;
26/06/2019;05/07/2019;23:59;AD;THE/REC;THE;REC;1;99;N;Z;ZZ;612,81;1;;9999999999;SAO;1;;
